GP_CODE,GP_NAME,APPOINTMENT_MONTH_START_DATE,imd_decile,total_patients,total_appointments,dna_count,face_to_face_count,same_day_count,appts_per_1000_patients,dna_rate_pct
C85001,GOLDTHORPE MEDICAL CENTRE,2025-11-01 00:00:00,2,4431,2371,116,2058,462,535.1,4.89
C85001,GOLDTHORPE MEDICAL CENTRE,2025-12-01 00:00:00,2,4431,2271,129,2035,469,512.5,5.68
C85001,GOLDTHORPE MEDICAL CENTRE,2026-01-01 00:00:00,2,4431,2387,95,2196,556,538.7,3.98
C85001,GOLDTHORPE MEDICAL CENTRE,2026-02-01 00:00:00,2,4431,2324,95,2099,496,524.5,4.09
C85001,GOLDTHORPE MEDICAL CENTRE,2026-04-01 00:00:00,2,4431,2486,123,2161,516,561.0,4.95
C85001,GOLDTHORPE MEDICAL CENTRE,2026-05-01 00:00:00,2,4431,2344,144,2030,458,529.0,6.14
C85003,ASHVILLE MEDICAL CENTRE PMS PRACTICE,2025-11-01 00:00:00,2,13303,6674,241,4233,3092,501.7,3.61
C85003,ASHVILLE MEDICAL CENTRE PMS PRACTICE,2025-12-01 00:00:00,2,13303,6790,275,4146,3368,510.4,4.05
C85003,ASHVILLE MEDICAL CENTRE PMS PRACTICE,2026-01-01 00:00:00,2,13303,7430,300,4609,3591,558.5,4.04
C85003,ASHVILLE MEDICAL CENTRE PMS PRACTICE,2026-02-01 00:00:00,2,13303,6813,265,4329,3126,512.1,3.89
C85003,ASHVILLE MEDICAL CENTRE PMS PRACTICE,2026-04-01 00:00:00,2,13303,8076,243,4280,4445,607.1,3.01
C85003,ASHVILLE MEDICAL CENTRE PMS PRACTICE,2026-05-01 00:00:00,2,13303,7539,268,4036,4128,566.7,3.55
C85004,PENISTONE GROUP PMS PRACTICE,2025-11-01 00:00:00,3,16301,8492,201,3695,4621,520.9,2.37
C85004,PENISTONE GROUP PMS PRACTICE,2025-12-01 00:00:00,3,16301,8434,213,3695,4657,517.4,2.53
C85004,PENISTONE GROUP PMS PRACTICE,2026-01-01 00:00:00,3,16301,9880,212,4256,5536,606.1,2.15
C85004,PENISTONE GROUP PMS PRACTICE,2026-02-01 00:00:00,3,16301,8685,190,3699,4795,532.8,2.19
C85004,PENISTONE GROUP PMS PRACTICE,2026-04-01 00:00:00,3,16301,9368,231,4075,4917,574.7,2.47
C85004,PENISTONE GROUP PMS PRACTICE,2026-05-01 00:00:00,3,16301,8430,257,3661,4677,517.1,3.05
C85005,ROYSTON GROUP PRACTICE,2025-11-01 00:00:00,5,7292,3575,88,2732,1430,490.3,2.46
C85005,ROYSTON GROUP PRACTICE,2025-12-01 00:00:00,5,7292,3576,182,2580,1450,490.4,5.09
C85005,ROYSTON GROUP PRACTICE,2026-01-01 00:00:00,5,7292,3681,143,2733,1569,504.8,3.88
C85005,ROYSTON GROUP PRACTICE,2026-02-01 00:00:00,5,7292,3530,140,2597,1362,484.1,3.97
C85005,ROYSTON GROUP PRACTICE,2026-04-01 00:00:00,5,7292,3681,108,2829,1486,504.8,2.93
C85005,ROYSTON GROUP PRACTICE,2026-05-01 00:00:00,5,7292,3375,105,2559,1348,462.8,3.11
C85006,WOODLAND DRIVE MEDICAL CENTRE,2025-11-01 00:00:00,6,5652,2770,80,2277,1457,490.1,2.89
C85006,WOODLAND DRIVE MEDICAL CENTRE,2025-12-01 00:00:00,6,5652,2818,83,2380,1482,498.6,2.95
C85006,WOODLAND DRIVE MEDICAL CENTRE,2026-01-01 00:00:00,6,5652,3082,99,2609,1693,545.3,3.21
C85006,WOODLAND DRIVE MEDICAL CENTRE,2026-02-01 00:00:00,6,5652,3133,89,2672,1717,554.3,2.84
C85006,WOODLAND DRIVE MEDICAL CENTRE,2026-04-01 00:00:00,6,5652,3215,105,2737,1733,568.8,3.27
C85006,WOODLAND DRIVE MEDICAL CENTRE,2026-05-01 00:00:00,6,5652,3296,118,2841,1904,583.2,3.58
C85007,THE DOVE VALLEY PMS PRACTICE,2025-11-01 00:00:00,2,10467,5270,204,2988,1546,503.5,3.87
C85007,THE DOVE VALLEY PMS PRACTICE,2025-12-01 00:00:00,2,10467,5486,272,2997,1731,524.1,4.96
C85007,THE DOVE VALLEY PMS PRACTICE,2026-01-01 00:00:00,2,10467,5859,295,3354,1878,559.8,5.03
C85007,THE DOVE VALLEY PMS PRACTICE,2026-02-01 00:00:00,2,10467,5560,247,2840,1996,531.2,4.44
C85007,THE DOVE VALLEY PMS PRACTICE,2026-04-01 00:00:00,2,10467,5672,293,3000,2132,541.9,5.17
C85007,THE DOVE VALLEY PMS PRACTICE,2026-05-01 00:00:00,2,10467,5191,250,2763,1874,495.9,4.82
C85008,WALDERSLADE SURGERY,2025-11-01 00:00:00,2,12819,4648,160,3440,1716,362.6,3.44
C85008,WALDERSLADE SURGERY,2025-12-01 00:00:00,2,12819,4958,177,3656,2066,386.8,3.57
C85008,WALDERSLADE SURGERY,2026-01-01 00:00:00,2,12819,5297,190,3963,2003,413.2,3.59
C85008,WALDERSLADE SURGERY,2026-02-01 00:00:00,2,12819,5609,215,4272,1850,437.6,3.83
C85008,WALDERSLADE SURGERY,2026-04-01 00:00:00,2,12819,5086,212,3965,1853,396.8,4.17
C85008,WALDERSLADE SURGERY,2026-05-01 00:00:00,2,12819,4631,233,3624,1635,361.3,5.03
C85009,THE KAKOTY PRACTICE,2025-11-01 00:00:00,1,7522,3668,121,1879,1763,487.6,3.3
C85009,THE KAKOTY PRACTICE,2025-12-01 00:00:00,1,7522,3713,158,1890,1825,493.6,4.26
C85009,THE KAKOTY PRACTICE,2026-01-01 00:00:00,1,7522,4096,133,2117,1918,544.5,3.25
C85009,THE KAKOTY PRACTICE,2026-02-01 00:00:00,1,7522,3971,113,2007,1982,527.9,2.85
C85009,THE KAKOTY PRACTICE,2026-04-01 00:00:00,1,7522,4044,134,1806,2412,537.6,3.31
C85009,THE KAKOTY PRACTICE,2026-05-01 00:00:00,1,7522,3542,82,1587,2165,470.9,2.32
C85010,HILL BROW SURGERY PMS PRACTICE,2025-11-01 00:00:00,3,16647,10042,321,5487,5226,603.2,3.2
C85010,HILL BROW SURGERY PMS PRACTICE,2025-12-01 00:00:00,3,16647,10527,296,5932,5299,632.4,2.81
C85010,HILL BROW SURGERY PMS PRACTICE,2026-01-01 00:00:00,3,16647,12185,316,6651,6141,732.0,2.59
C85010,HILL BROW SURGERY PMS PRACTICE,2026-02-01 00:00:00,3,16647,10884,511,6107,5402,653.8,4.69
C85010,HILL BROW SURGERY PMS PRACTICE,2026-04-01 00:00:00,3,16647,11165,468,5840,5872,670.7,4.19
C85010,HILL BROW SURGERY PMS PRACTICE,2026-05-01 00:00:00,3,16647,10275,643,4840,5746,617.2,6.26
C85013,WOMBWELL GMS PRACTICE,2025-11-01 00:00:00,2,11080,6623,199,3291,3183,597.7,3.0
C85013,WOMBWELL GMS PRACTICE,2025-12-01 00:00:00,2,11080,6887,243,3324,3363,621.6,3.53
C85013,WOMBWELL GMS PRACTICE,2026-01-01 00:00:00,2,11080,6722,169,3262,3455,606.7,2.51
C85013,WOMBWELL GMS PRACTICE,2026-02-01 00:00:00,2,11080,7063,220,3435,3395,637.5,3.11
C85013,WOMBWELL GMS PRACTICE,2026-04-01 00:00:00,2,11080,6572,170,3102,3166,593.1,2.59
C85013,WOMBWELL GMS PRACTICE,2026-05-01 00:00:00,2,11080,6080,140,3044,3014,548.7,2.3
C85014,THE ROSE TREE PMS PRACTICE,2025-11-01 00:00:00,3,9792,4312,179,3838,2134,440.4,4.15
C85014,THE ROSE TREE PMS PRACTICE,2025-12-01 00:00:00,3,9792,3799,143,3385,2124,388.0,3.76
C85014,THE ROSE TREE PMS PRACTICE,2026-01-01 00:00:00,3,9792,3732,115,3417,2109,381.1,3.08
C85014,THE ROSE TREE PMS PRACTICE,2026-02-01 00:00:00,3,9792,3450,88,3174,2113,352.3,2.55
C85014,THE ROSE TREE PMS PRACTICE,2026-04-01 00:00:00,3,9792,3882,100,3355,2089,396.4,2.58
C85014,THE ROSE TREE PMS PRACTICE,2026-05-01 00:00:00,3,9792,3556,114,3124,1847,363.2,3.21
C85016,GARLAND HOUSE SURGERY,2025-11-01 00:00:00,3,10797,4362,123,3833,781,404.0,2.82
C85016,GARLAND HOUSE SURGERY,2025-12-01 00:00:00,3,10797,4206,115,3738,750,389.6,2.73
C85016,GARLAND HOUSE SURGERY,2026-01-01 00:00:00,3,10797,4600,89,4117,900,426.0,1.93
C85016,GARLAND HOUSE SURGERY,2026-02-01 00:00:00,3,10797,4529,118,3950,737,419.5,2.61
C85016,GARLAND HOUSE SURGERY,2026-04-01 00:00:00,3,10797,4010,93,3570,743,371.4,2.32
C85016,GARLAND HOUSE SURGERY,2026-05-01 00:00:00,3,10797,4096,97,3693,745,379.4,2.37
C85017,BURLEIGH MEDICAL CENTRE,2025-11-01 00:00:00,2,11716,4505,127,3080,2360,384.5,2.82
C85017,BURLEIGH MEDICAL CENTRE,2025-12-01 00:00:00,2,11716,4417,175,3033,2629,377.0,3.96
C85017,BURLEIGH MEDICAL CENTRE,2026-01-01 00:00:00,2,11716,4526,139,3040,2688,386.3,3.07
C85017,BURLEIGH MEDICAL CENTRE,2026-02-01 00:00:00,2,11716,4262,147,2865,2484,363.8,3.45
C85017,BURLEIGH MEDICAL CENTRE,2026-04-01 00:00:00,2,11716,4277,135,2962,2596,365.1,3.16
C85017,BURLEIGH MEDICAL CENTRE,2026-05-01 00:00:00,2,11716,3788,144,2606,2230,323.3,3.8
C85018,GRIMETHORPE SURGERY,2025-11-01 00:00:00,1,7365,3751,92,2192,2258,509.3,2.45
C85018,GRIMETHORPE SURGERY,2025-12-01 00:00:00,1,7365,4112,128,2404,2592,558.3,3.11
C85018,GRIMETHORPE SURGERY,2026-01-01 00:00:00,1,7365,4173,123,2408,2583,566.6,2.95
C85018,GRIMETHORPE SURGERY,2026-02-01 00:00:00,1,7365,3769,126,2145,2457,511.7,3.34
C85018,GRIMETHORPE SURGERY,2026-04-01 00:00:00,1,7365,3631,120,2182,2229,493.0,3.3
C85018,GRIMETHORPE SURGERY,2026-05-01 00:00:00,1,7365,3604,104,2135,2141,489.3,2.89
C85019,THE GROVE MEDICAL PRACTICE,2025-11-01 00:00:00,2,11426,7257,324,6093,3103,635.1,4.46
C85019,THE GROVE MEDICAL PRACTICE,2025-12-01 00:00:00,2,11426,7573,305,6421,3498,662.8,4.03
C85019,THE GROVE MEDICAL PRACTICE,2026-01-01 00:00:00,2,11426,7411,314,6363,3588,648.6,4.24
C85019,THE GROVE MEDICAL PRACTICE,2026-02-01 00:00:00,2,11426,7190,263,6284,3533,629.3,3.66
C85019,THE GROVE MEDICAL PRACTICE,2026-04-01 00:00:00,2,11426,7309,263,6419,3603,639.7,3.6
C85019,THE GROVE MEDICAL PRACTICE,2026-05-01 00:00:00,2,11426,6731,263,5813,3341,589.1,3.91
C85020,HUDDERSFIELD ROAD SURGERY,2025-11-01 00:00:00,2,12074,5429,76,4319,2708,449.6,1.4
C85020,HUDDERSFIELD ROAD SURGERY,2025-12-01 00:00:00,2,12074,5210,99,4016,2680,431.5,1.9
C85020,HUDDERSFIELD ROAD SURGERY,2026-01-01 00:00:00,2,12074,6183,145,5023,2689,512.1,2.35
C85020,HUDDERSFIELD ROAD SURGERY,2026-02-01 00:00:00,2,12074,5718,122,4538,2428,473.6,2.13
C85020,HUDDERSFIELD ROAD SURGERY,2026-04-01 00:00:00,2,12074,5688,87,4401,2712,471.1,1.53
C85020,HUDDERSFIELD ROAD SURGERY,2026-05-01 00:00:00,2,12074,5370,114,4169,2610,444.8,2.12
C85022,HOYLAND MEDICAL PRACTICE,2025-11-01 00:00:00,2,13193,5170,129,4276,2746,391.9,2.5
C85022,HOYLAND MEDICAL PRACTICE,2025-12-01 00:00:00,2,13193,4693,112,3933,2786,355.7,2.39
C85022,HOYLAND MEDICAL PRACTICE,2026-01-01 00:00:00,2,13193,5148,104,4108,2935,390.2,2.02
C85022,HOYLAND MEDICAL PRACTICE,2026-02-01 00:00:00,2,13193,5208,128,4098,2682,394.8,2.46
C85022,HOYLAND MEDICAL PRACTICE,2026-04-01 00:00:00,2,13193,5104,139,4184,2659,386.9,2.72
C85022,HOYLAND MEDICAL PRACTICE,2026-05-01 00:00:00,2,13193,4896,132,3944,2734,371.1,2.7
C85023,HOLLYGREEN PRACTICE,2025-11-01 00:00:00,2,11474,6769,220,6159,2034,589.9,3.25
C85023,HOLLYGREEN PRACTICE,2025-12-01 00:00:00,2,11474,6804,246,6105,2299,593.0,3.62
C85023,HOLLYGREEN PRACTICE,2026-01-01 00:00:00,2,11474,6634,298,6134,2354,578.2,4.49
C85023,HOLLYGREEN PRACTICE,2026-02-01 00:00:00,2,11474,6515,234,5937,1883,567.8,3.59
C85023,HOLLYGREEN PRACTICE,2026-04-01 00:00:00,2,11474,6874,206,6121,1917,599.1,3.0
C85023,HOLLYGREEN PRACTICE,2026-05-01 00:00:00,2,11474,5630,202,4947,1122,490.7,3.59
C85024,HIGH STREET PRACTICE,2025-11-01 00:00:00,5,6268,2730,119,1750,1141,435.5,4.36
C85024,HIGH STREET PRACTICE,2025-12-01 00:00:00,5,6268,2534,140,1798,967,404.3,5.52
C85024,HIGH STREET PRACTICE,2026-01-01 00:00:00,5,6268,2945,120,1768,1204,469.8,4.07
C85024,HIGH STREET PRACTICE,2026-02-01 00:00:00,5,6268,2632,107,1401,1291,419.9,4.07
C85024,HIGH STREET PRACTICE,2026-04-01 00:00:00,5,6268,2860,87,1347,1212,456.3,3.04
C85024,HIGH STREET PRACTICE,2026-05-01 00:00:00,5,6268,2599,89,1201,1226,414.6,3.42
C85028,LUNDWOOD MEDICAL CENTRE PMS PRACTICE,2025-11-01 00:00:00,3,3680,862,98,849,142,234.2,11.37
C85028,LUNDWOOD MEDICAL CENTRE PMS PRACTICE,2025-12-01 00:00:00,3,3680,810,85,786,156,220.1,10.49
C85028,LUNDWOOD MEDICAL CENTRE PMS PRACTICE,2026-01-01 00:00:00,3,3680,737,77,701,160,200.3,10.45
C85028,LUNDWOOD MEDICAL CENTRE PMS PRACTICE,2026-02-01 00:00:00,3,3680,719,77,683,116,195.4,10.71
C85028,LUNDWOOD MEDICAL CENTRE PMS PRACTICE,2026-04-01 00:00:00,3,3680,731,55,671,145,198.6,7.52
C85028,LUNDWOOD MEDICAL CENTRE PMS PRACTICE,2026-05-01 00:00:00,3,3680,646,70,646,104,175.5,10.84
C85030,WOMBWELL MEDICAL CENTRE PRACTICE,2025-11-01 00:00:00,3,10081,4803,163,2797,2073,476.4,3.39
C85030,WOMBWELL MEDICAL CENTRE PRACTICE,2025-12-01 00:00:00,3,10081,4790,149,2717,2235,475.2,3.11
C85030,WOMBWELL MEDICAL CENTRE PRACTICE,2026-01-01 00:00:00,3,10081,5905,240,3305,2689,585.8,4.06
C85030,WOMBWELL MEDICAL CENTRE PRACTICE,2026-02-01 00:00:00,3,10081,5125,202,2902,2196,508.4,3.94
C85030,WOMBWELL MEDICAL CENTRE PRACTICE,2026-04-01 00:00:00,3,10081,4950,169,2823,1986,491.0,3.41
C85030,WOMBWELL MEDICAL CENTRE PRACTICE,2026-05-01 00:00:00,3,10081,4352,166,2530,1845,431.7,3.81
C85033,VICTORIA MEDICAL CENTRE PMS PRACTICE,2025-11-01 00:00:00,3,11119,4797,164,3998,2521,431.4,3.42
C85033,VICTORIA MEDICAL CENTRE PMS PRACTICE,2025-12-01 00:00:00,3,11119,5020,170,4145,2808,451.5,3.39
C85033,VICTORIA MEDICAL CENTRE PMS PRACTICE,2026-01-01 00:00:00,3,11119,5396,155,4527,2914,485.3,2.87
C85033,VICTORIA MEDICAL CENTRE PMS PRACTICE,2026-02-01 00:00:00,3,11119,5119,173,4221,2608,460.4,3.38
C85033,VICTORIA MEDICAL CENTRE PMS PRACTICE,2026-04-01 00:00:00,3,11119,5395,189,4634,2763,485.2,3.5
C85033,VICTORIA MEDICAL CENTRE PMS PRACTICE,2026-05-01 00:00:00,3,11119,4678,165,3992,2459,420.7,3.53
C85614,DARTON HEALTH CENTRE PRACTICE,2025-11-01 00:00:00,4,4629,1540,59,1133,373,332.7,3.83
C85614,DARTON HEALTH CENTRE PRACTICE,2025-12-01 00:00:00,4,4629,1410,72,1008,434,304.6,5.11
C85614,DARTON HEALTH CENTRE PRACTICE,2026-01-01 00:00:00,4,4629,1422,49,942,432,307.2,3.45
C85614,DARTON HEALTH CENTRE PRACTICE,2026-02-01 00:00:00,4,4629,1448,68,969,423,312.8,4.7
C85614,DARTON HEALTH CENTRE PRACTICE,2026-04-01 00:00:00,4,4629,1450,49,977,420,313.2,3.38
C85614,DARTON HEALTH CENTRE PRACTICE,2026-05-01 00:00:00,4,4629,1398,62,970,417,302.0,4.43
C85619,ST GEORGE'S MEDICAL CENTRE PMS PRACTICE,2025-11-01 00:00:00,1,8701,3536,156,3211,1345,406.4,4.41
C85619,ST GEORGE'S MEDICAL CENTRE PMS PRACTICE,2025-12-01 00:00:00,1,8701,3479,167,3147,1465,399.8,4.8
C85619,ST GEORGE'S MEDICAL CENTRE PMS PRACTICE,2026-01-01 00:00:00,1,8701,3770,163,3446,1363,433.3,4.32
C85619,ST GEORGE'S MEDICAL CENTRE PMS PRACTICE,2026-02-01 00:00:00,1,8701,3357,128,3016,1346,385.8,3.81
C85619,ST GEORGE'S MEDICAL CENTRE PMS PRACTICE,2026-04-01 00:00:00,1,8701,3359,132,3014,1282,386.0,3.93
C85619,ST GEORGE'S MEDICAL CENTRE PMS PRACTICE,2026-05-01 00:00:00,1,8701,2969,124,2692,1210,341.2,4.18
C85622,MONK BRETTON HEALTH CENTRE PRACTICE,2025-11-01 00:00:00,1,2301,603,30,534,131,262.1,4.98
C85622,MONK BRETTON HEALTH CENTRE PRACTICE,2025-12-01 00:00:00,1,2301,602,31,506,153,261.6,5.15
C85622,MONK BRETTON HEALTH CENTRE PRACTICE,2026-01-01 00:00:00,1,2301,636,33,560,166,276.4,5.19
C85622,MONK BRETTON HEALTH CENTRE PRACTICE,2026-02-01 00:00:00,1,2301,561,39,484,146,243.8,6.95
C85622,MONK BRETTON HEALTH CENTRE PRACTICE,2026-04-01 00:00:00,1,2301,596,37,540,134,259.0,6.21
C85622,MONK BRETTON HEALTH CENTRE PRACTICE,2026-05-01 00:00:00,1,2301,595,27,537,147,258.6,4.54
C85623,KINGSWELL SURGERY PMS PRACTICE,2025-11-01 00:00:00,8,5750,2479,98,1682,521,431.1,3.95
C85623,KINGSWELL SURGERY PMS PRACTICE,2025-12-01 00:00:00,8,5750,2280,75,1599,523,396.5,3.29
C85623,KINGSWELL SURGERY PMS PRACTICE,2026-01-01 00:00:00,8,5750,2897,117,2032,602,503.8,4.04
C85623,KINGSWELL SURGERY PMS PRACTICE,2026-02-01 00:00:00,8,5750,2487,83,1789,476,432.5,3.34
C85623,KINGSWELL SURGERY PMS PRACTICE,2026-04-01 00:00:00,8,5750,2275,91,1538,428,395.7,4.0
C85623,KINGSWELL SURGERY PMS PRACTICE,2026-05-01 00:00:00,8,5750,2037,78,1438,405,354.3,3.83
C86001,GREAT NORTH MEDICAL GROUP,2025-11-01 00:00:00,1,16731,10424,331,5013,4397,623.0,3.18
C86001,GREAT NORTH MEDICAL GROUP,2025-12-01 00:00:00,1,16731,10574,310,4785,4664,632.0,2.93
C86001,GREAT NORTH MEDICAL GROUP,2026-01-01 00:00:00,1,16731,12032,343,5825,5082,719.1,2.85
C86001,GREAT NORTH MEDICAL GROUP,2026-02-01 00:00:00,1,16731,11384,241,5362,4755,680.4,2.12
C86001,GREAT NORTH MEDICAL GROUP,2026-04-01 00:00:00,1,16731,10468,230,4675,4528,625.7,2.2
C86001,GREAT NORTH MEDICAL GROUP,2026-05-01 00:00:00,1,16731,9803,256,4545,4282,585.9,2.61
C86002,THE RANSOME PRACTICE,2025-11-01 00:00:00,1,8253,3791,239,2322,932,459.3,6.3
C86002,THE RANSOME PRACTICE,2025-12-01 00:00:00,1,8253,3647,239,2298,1086,441.9,6.55
C86002,THE RANSOME PRACTICE,2026-01-01 00:00:00,1,8253,4131,172,2160,1181,500.5,4.16
C86002,THE RANSOME PRACTICE,2026-02-01 00:00:00,1,8253,3878,180,1856,1139,469.9,4.64
C86002,THE RANSOME PRACTICE,2026-04-01 00:00:00,1,8253,3952,191,1914,1054,478.9,4.83
C86002,THE RANSOME PRACTICE,2026-05-01 00:00:00,1,8253,3494,162,1627,927,423.4,4.64
C86003,HATFIELD HEALTH CENTRE,2025-11-01 00:00:00,1,9751,4514,255,3992,1492,462.9,5.65
C86003,HATFIELD HEALTH CENTRE,2025-12-01 00:00:00,1,9751,4716,252,4178,1652,483.6,5.34
C86003,HATFIELD HEALTH CENTRE,2026-01-01 00:00:00,1,9751,4812,262,4395,1694,493.5,5.44
C86003,HATFIELD HEALTH CENTRE,2026-02-01 00:00:00,1,9751,4444,249,4043,1414,455.7,5.6
C86003,HATFIELD HEALTH CENTRE,2026-04-01 00:00:00,1,9751,3911,194,3418,1160,401.1,4.96
C86003,HATFIELD HEALTH CENTRE,2026-05-01 00:00:00,1,9751,3771,175,3350,1266,386.7,4.64
C86005,MEXBOROUGH HEALTH CENTRE,2025-11-01 00:00:00,2,4708,1845,74,1341,678,391.9,4.01
C86005,MEXBOROUGH HEALTH CENTRE,2025-12-01 00:00:00,2,4708,1875,115,1330,794,398.3,6.13
C86005,MEXBOROUGH HEALTH CENTRE,2026-01-01 00:00:00,2,4708,1647,62,1099,751,349.8,3.76
C86005,MEXBOROUGH HEALTH CENTRE,2026-02-01 00:00:00,2,4708,1498,83,1079,641,318.2,5.54
C86005,MEXBOROUGH HEALTH CENTRE,2026-04-01 00:00:00,2,4708,1411,62,1002,597,299.7,4.39
C86005,MEXBOROUGH HEALTH CENTRE,2026-05-01 00:00:00,2,4708,1450,58,1000,529,308.0,4.0
C86006,REGENT SQUARE GROUP PRACTICE,2025-11-01 00:00:00,1,10411,4558,168,3565,1373,437.8,3.69
C86006,REGENT SQUARE GROUP PRACTICE,2025-12-01 00:00:00,1,10411,4783,186,3623,1572,459.4,3.89
C86006,REGENT SQUARE GROUP PRACTICE,2026-01-01 00:00:00,1,10411,5178,172,4008,1513,497.4,3.32
C86006,REGENT SQUARE GROUP PRACTICE,2026-02-01 00:00:00,1,10411,4665,143,3537,1277,448.1,3.07
C86006,REGENT SQUARE GROUP PRACTICE,2026-04-01 00:00:00,1,10411,4797,157,3483,1254,460.8,3.27
C86006,REGENT SQUARE GROUP PRACTICE,2026-05-01 00:00:00,1,10411,4214,130,3198,1288,404.8,3.08
C86007,THE BURNS PRACTICE,2025-11-01 00:00:00,1,19572,10417,681,7171,4154,532.2,6.54
C86007,THE BURNS PRACTICE,2025-12-01 00:00:00,1,19572,10950,920,7490,4457,559.5,8.4
C86007,THE BURNS PRACTICE,2026-01-01 00:00:00,1,19572,11196,920,7729,4299,572.0,8.22
C86007,THE BURNS PRACTICE,2026-02-01 00:00:00,1,19572,10567,919,7072,3819,539.9,8.7
C86007,THE BURNS PRACTICE,2026-04-01 00:00:00,1,19572,11359,824,7541,4398,580.4,7.25
C86007,THE BURNS PRACTICE,2026-05-01 00:00:00,1,19572,10878,728,7163,4828,555.8,6.69
C86009,THE MAYFLOWER MEDICAL PRACTICE,2025-11-01 00:00:00,9,7442,3542,115,2607,1738,475.9,3.25
C86009,THE MAYFLOWER MEDICAL PRACTICE,2025-12-01 00:00:00,9,7442,3547,139,2465,1977,476.6,3.92
C86009,THE MAYFLOWER MEDICAL PRACTICE,2026-01-01 00:00:00,9,7442,3851,130,2668,2148,517.5,3.38
C86009,THE MAYFLOWER MEDICAL PRACTICE,2026-02-01 00:00:00,9,7442,3620,68,2363,2029,486.4,1.88
C86009,THE MAYFLOWER MEDICAL PRACTICE,2026-04-01 00:00:00,9,7442,3105,106,2227,1559,417.2,3.41
C86009,THE MAYFLOWER MEDICAL PRACTICE,2026-05-01 00:00:00,9,7442,3328,79,2425,1459,447.2,2.37
C86011,MOUNT GROUP PRACTICE,2025-11-01 00:00:00,4,14038,8116,252,4213,3240,578.1,3.1
C86011,MOUNT GROUP PRACTICE,2025-12-01 00:00:00,4,14038,8859,277,4918,3988,631.1,3.13
C86011,MOUNT GROUP PRACTICE,2026-01-01 00:00:00,4,14038,8297,260,4865,3630,591.0,3.13
C86011,MOUNT GROUP PRACTICE,2026-02-01 00:00:00,4,14038,7420,229,4372,3575,528.6,3.09
C86011,MOUNT GROUP PRACTICE,2026-04-01 00:00:00,4,14038,7722,335,5279,3886,550.1,4.34
C86011,MOUNT GROUP PRACTICE,2026-05-01 00:00:00,4,14038,7205,195,4725,3489,513.2,2.71
C86012,THE OAKWOOD SURGERY,2025-11-01 00:00:00,2,5497,2873,99,2100,1267,522.6,3.45
C86012,THE OAKWOOD SURGERY,2025-12-01 00:00:00,2,5497,3025,108,2205,1473,550.3,3.57
C86012,THE OAKWOOD SURGERY,2026-01-01 00:00:00,2,5497,2965,89,2072,1544,539.4,3.0
C86012,THE OAKWOOD SURGERY,2026-02-01 00:00:00,2,5497,3262,96,2422,1655,593.4,2.94
C86012,THE OAKWOOD SURGERY,2026-04-01 00:00:00,2,5497,3097,118,2412,1437,563.4,3.81
C86012,THE OAKWOOD SURGERY,2026-05-01 00:00:00,2,5497,2827,111,2168,1290,514.3,3.93
C86013,THE TICKHILL & COLLIERY MEDICAL PRACTICE,2025-11-01 00:00:00,8,8665,4362,196,3206,1406,503.4,4.49
C86013,THE TICKHILL & COLLIERY MEDICAL PRACTICE,2025-12-01 00:00:00,8,8665,4031,185,2764,1385,465.2,4.59
C86013,THE TICKHILL & COLLIERY MEDICAL PRACTICE,2026-01-01 00:00:00,8,8665,4435,177,3002,1461,511.8,3.99
C86013,THE TICKHILL & COLLIERY MEDICAL PRACTICE,2026-02-01 00:00:00,8,8665,3887,146,2358,1304,448.6,3.76
C86013,THE TICKHILL & COLLIERY MEDICAL PRACTICE,2026-04-01 00:00:00,8,8665,3702,151,2442,1347,427.2,4.08
C86013,THE TICKHILL & COLLIERY MEDICAL PRACTICE,2026-05-01 00:00:00,8,8665,3599,147,2350,1370,415.3,4.08
C86015,THE ROSSINGTON PRACTICE,2025-11-01 00:00:00,2,8334,2753,142,2156,1094,330.3,5.16
C86015,THE ROSSINGTON PRACTICE,2025-12-01 00:00:00,2,8334,2482,134,1970,1047,297.8,5.4
C86015,THE ROSSINGTON PRACTICE,2026-01-01 00:00:00,2,8334,2738,108,2072,1101,328.5,3.94
C86015,THE ROSSINGTON PRACTICE,2026-02-01 00:00:00,2,8334,2667,117,2101,1055,320.0,4.39
C86015,THE ROSSINGTON PRACTICE,2026-04-01 00:00:00,2,8334,2518,101,2014,1067,302.1,4.01
C86015,THE ROSSINGTON PRACTICE,2026-05-01 00:00:00,2,8334,2382,98,1822,1029,285.8,4.11
C86016,THE LAKESIDE PRACTICE,2025-11-01 00:00:00,4,9126,6659,193,4851,3348,729.7,2.9
C86016,THE LAKESIDE PRACTICE,2025-12-01 00:00:00,4,9126,6439,178,4146,3616,705.6,2.76
C86016,THE LAKESIDE PRACTICE,2026-01-01 00:00:00,4,9126,6755,230,4605,3231,740.2,3.4
C86016,THE LAKESIDE PRACTICE,2026-02-01 00:00:00,4,9126,6413,199,4103,3072,702.7,3.1
C86016,THE LAKESIDE PRACTICE,2026-04-01 00:00:00,4,9126,7374,186,4328,3734,808.0,2.52
C86016,THE LAKESIDE PRACTICE,2026-05-01 00:00:00,4,9126,6494,212,3872,2888,711.6,3.26
C86017,KINGTHORNE GROUP PRACTICE,2025-11-01 00:00:00,1,15843,6820,267,4356,3144,430.5,3.91
C86017,KINGTHORNE GROUP PRACTICE,2025-12-01 00:00:00,1,15843,7000,225,4280,3544,441.8,3.21
C86017,KINGTHORNE GROUP PRACTICE,2026-01-01 00:00:00,1,15843,8688,265,5129,4488,548.4,3.05
C86017,KINGTHORNE GROUP PRACTICE,2026-02-01 00:00:00,1,15843,7836,234,5001,3676,494.6,2.99
C86017,KINGTHORNE GROUP PRACTICE,2026-04-01 00:00:00,1,15843,7214,256,4193,3725,455.3,3.55
C86017,KINGTHORNE GROUP PRACTICE,2026-05-01 00:00:00,1,15843,7595,227,4378,3800,479.4,2.99
C86018,NORTHFIELD SURGERY,2025-11-01 00:00:00,3,9899,4330,267,3273,2084,437.4,6.17
C86018,NORTHFIELD SURGERY,2025-12-01 00:00:00,3,9899,4558,196,3233,2678,460.5,4.3
C86018,NORTHFIELD SURGERY,2026-01-01 00:00:00,3,9899,4526,176,3374,2741,457.2,3.89
C86018,NORTHFIELD SURGERY,2026-02-01 00:00:00,3,9899,4205,127,3099,2362,424.8,3.02
C86018,NORTHFIELD SURGERY,2026-04-01 00:00:00,3,9899,3791,76,2650,2143,383.0,2.0
C86018,NORTHFIELD SURGERY,2026-05-01 00:00:00,3,9899,4178,93,2809,1998,422.1,2.23
C86019,THE SCOTT PRACTICE,2025-11-01 00:00:00,3,16643,7054,557,4137,1543,423.8,7.9
C86019,THE SCOTT PRACTICE,2025-12-01 00:00:00,3,16643,6847,531,4044,1388,411.4,7.76
C86019,THE SCOTT PRACTICE,2026-01-01 00:00:00,3,16643,7383,497,4320,1648,443.6,6.73
C86019,THE SCOTT PRACTICE,2026-02-01 00:00:00,3,16643,6571,496,3780,1333,394.8,7.55
C86019,THE SCOTT PRACTICE,2026-04-01 00:00:00,3,16643,7309,496,4417,1553,439.2,6.79
C86019,THE SCOTT PRACTICE,2026-05-01 00:00:00,3,16643,6759,515,4096,1114,406.1,7.62
C86020,ST. JOHNS GROUP PRACTICE,2025-11-01 00:00:00,3,8648,4463,634,2489,1910,516.1,14.21
C86020,ST. JOHNS GROUP PRACTICE,2025-12-01 00:00:00,3,8648,4466,462,2447,1919,516.4,10.34
C86020,ST. JOHNS GROUP PRACTICE,2026-01-01 00:00:00,3,8648,4405,322,2313,1789,509.4,7.31
C86020,ST. JOHNS GROUP PRACTICE,2026-02-01 00:00:00,3,8648,4365,336,2314,1760,504.7,7.7
C86020,ST. JOHNS GROUP PRACTICE,2026-04-01 00:00:00,3,8648,3819,178,1943,1250,441.6,4.66
C86020,ST. JOHNS GROUP PRACTICE,2026-05-01 00:00:00,3,8648,3531,183,1726,1297,408.3,5.18
C86021,WHITE HOUSE FARM MEDICAL CENTRE,2025-11-01 00:00:00,7,6250,3314,80,2288,1519,530.2,2.41
C86021,WHITE HOUSE FARM MEDICAL CENTRE,2025-12-01 00:00:00,7,6250,3727,86,2700,1907,596.3,2.31
C86021,WHITE HOUSE FARM MEDICAL CENTRE,2026-01-01 00:00:00,7,6250,3770,77,2632,1749,603.2,2.04
C86021,WHITE HOUSE FARM MEDICAL CENTRE,2026-02-01 00:00:00,7,6250,3273,63,2351,1598,523.7,1.92
C86021,WHITE HOUSE FARM MEDICAL CENTRE,2026-04-01 00:00:00,7,6250,3902,90,2778,1657,624.3,2.31
C86021,WHITE HOUSE FARM MEDICAL CENTRE,2026-05-01 00:00:00,7,6250,3116,57,2250,1504,498.6,1.83
C86023,DON VALLEY HEALTHCARE,2025-11-01 00:00:00,3,13877,8269,461,3689,3333,595.9,5.58
C86023,DON VALLEY HEALTHCARE,2025-12-01 00:00:00,3,13877,9046,501,3779,3741,651.9,5.54
C86023,DON VALLEY HEALTHCARE,2026-01-01 00:00:00,3,13877,9084,449,3758,3863,654.6,4.94
C86023,DON VALLEY HEALTHCARE,2026-02-01 00:00:00,3,13877,9216,443,3657,3621,664.1,4.81
C86023,DON VALLEY HEALTHCARE,2026-04-01 00:00:00,3,13877,9040,444,4107,3366,651.4,4.91
C86023,DON VALLEY HEALTHCARE,2026-05-01 00:00:00,3,13877,8520,416,3633,3314,614.0,4.88
C86024,CONISBROUGH GROUP PRACTICE,2025-11-01 00:00:00,1,12032,8916,273,6143,5324,741.0,3.06
C86024,CONISBROUGH GROUP PRACTICE,2025-12-01 00:00:00,1,12032,8747,309,6121,5338,727.0,3.53
C86024,CONISBROUGH GROUP PRACTICE,2026-01-01 00:00:00,1,12032,9121,306,6430,5554,758.1,3.35
C86024,CONISBROUGH GROUP PRACTICE,2026-02-01 00:00:00,1,12032,8925,478,6512,4940,741.8,5.36
C86024,CONISBROUGH GROUP PRACTICE,2026-04-01 00:00:00,1,12032,8396,224,5904,4931,697.8,2.67
C86024,CONISBROUGH GROUP PRACTICE,2026-05-01 00:00:00,1,12032,7795,194,5482,4579,647.9,2.49
C86025,FRANCES STREET MEDICAL CENTRE,2025-11-01 00:00:00,1,6511,2546,139,1744,667,391.0,5.46
C86025,FRANCES STREET MEDICAL CENTRE,2025-12-01 00:00:00,1,6511,2646,157,1819,872,406.4,5.93
C86025,FRANCES STREET MEDICAL CENTRE,2026-01-01 00:00:00,1,6511,2835,165,1958,744,435.4,5.82
C86025,FRANCES STREET MEDICAL CENTRE,2026-02-01 00:00:00,1,6511,2550,134,1760,704,391.6,5.25
C86025,FRANCES STREET MEDICAL CENTRE,2026-04-01 00:00:00,1,6511,2648,130,1458,800,406.7,4.91
C86025,FRANCES STREET MEDICAL CENTRE,2026-05-01 00:00:00,1,6511,2786,178,1515,905,427.9,6.39
C86026,EDLINGTON HEALTH CENTRE PRACTICE,2025-11-01 00:00:00,1,4977,2387,110,2249,972,479.6,4.61
C86026,EDLINGTON HEALTH CENTRE PRACTICE,2025-12-01 00:00:00,1,4977,2494,121,2364,1116,501.1,4.85
C86026,EDLINGTON HEALTH CENTRE PRACTICE,2026-01-01 00:00:00,1,4977,2375,119,2275,1113,477.2,5.01
C86026,EDLINGTON HEALTH CENTRE PRACTICE,2026-02-01 00:00:00,1,4977,2354,103,2225,1079,473.0,4.38
C86026,EDLINGTON HEALTH CENTRE PRACTICE,2026-04-01 00:00:00,1,4977,1895,89,1828,849,380.8,4.7
C86026,EDLINGTON HEALTH CENTRE PRACTICE,2026-05-01 00:00:00,1,4977,1846,66,1771,852,370.9,3.58
C86029,ST VINCENT MEDICAL CENTRE,2025-11-01 00:00:00,1,13901,8290,272,4391,3753,596.4,3.28
C86029,ST VINCENT MEDICAL CENTRE,2025-12-01 00:00:00,1,13901,8315,293,4323,3849,598.2,3.52
C86029,ST VINCENT MEDICAL CENTRE,2026-01-01 00:00:00,1,13901,8287,251,4231,3889,596.1,3.03
C86029,ST VINCENT MEDICAL CENTRE,2026-02-01 00:00:00,1,13901,8179,275,4224,3662,588.4,3.36
C86029,ST VINCENT MEDICAL CENTRE,2026-04-01 00:00:00,1,13901,7841,246,3967,3495,564.1,3.14
C86029,ST VINCENT MEDICAL CENTRE,2026-05-01 00:00:00,1,13901,7313,319,3741,3136,526.1,4.36
C86032,SCAWSBY HEALTH CENTRE PRACTICE,2025-11-01 00:00:00,7,5479,2977,134,1417,1073,543.3,4.5
C86032,SCAWSBY HEALTH CENTRE PRACTICE,2025-12-01 00:00:00,7,5479,2770,110,1300,1058,505.6,3.97
C86032,SCAWSBY HEALTH CENTRE PRACTICE,2026-01-01 00:00:00,7,5479,2611,72,1256,1002,476.5,2.76
C86032,SCAWSBY HEALTH CENTRE PRACTICE,2026-02-01 00:00:00,7,5479,2457,81,1219,858,448.4,3.3
C86032,SCAWSBY HEALTH CENTRE PRACTICE,2026-04-01 00:00:00,7,5479,2505,88,1226,909,457.2,3.51
C86032,SCAWSBY HEALTH CENTRE PRACTICE,2026-05-01 00:00:00,7,5479,2204,74,1121,856,402.3,3.36
C86033,THE NAYAR PRACTICE,2025-11-01 00:00:00,1,5156,2661,149,1803,572,516.1,5.6
C86033,THE NAYAR PRACTICE,2025-12-01 00:00:00,1,5156,2433,114,1584,750,471.9,4.69
C86033,THE NAYAR PRACTICE,2026-01-01 00:00:00,1,5156,2576,129,1651,612,499.6,5.01
C86033,THE NAYAR PRACTICE,2026-02-01 00:00:00,1,5156,2493,144,1596,534,483.5,5.78
C86033,THE NAYAR PRACTICE,2026-04-01 00:00:00,1,5156,2458,139,1500,559,476.7,5.66
C86033,THE NAYAR PRACTICE,2026-05-01 00:00:00,1,5156,2273,117,1519,495,440.8,5.15
C86034,THE NEW SURGERY,2025-11-01 00:00:00,2,10013,3902,166,2375,1523,389.7,4.25
C86034,THE NEW SURGERY,2025-12-01 00:00:00,2,10013,3606,136,2313,1434,360.1,3.77
C86034,THE NEW SURGERY,2026-01-01 00:00:00,2,10013,3593,144,2400,1329,358.8,4.01
C86034,THE NEW SURGERY,2026-02-01 00:00:00,2,10013,3407,136,2332,1080,340.3,3.99
C86034,THE NEW SURGERY,2026-04-01 00:00:00,2,10013,3070,119,2372,1020,306.6,3.88
C86034,THE NEW SURGERY,2026-05-01 00:00:00,2,10013,2769,118,2057,892,276.5,4.26
C86037,FIELD ROAD SURGERY,2025-11-01 00:00:00,1,9298,4042,280,2889,2130,434.7,6.93
C86037,FIELD ROAD SURGERY,2025-12-01 00:00:00,1,9298,4083,236,3144,2406,439.1,5.78
C86037,FIELD ROAD SURGERY,2026-01-01 00:00:00,1,9298,4174,339,3154,2485,448.9,8.12
C86037,FIELD ROAD SURGERY,2026-02-01 00:00:00,1,9298,3443,256,2669,1904,370.3,7.44
C86037,FIELD ROAD SURGERY,2026-04-01 00:00:00,1,9298,3848,223,2939,1945,413.9,5.8
C86037,FIELD ROAD SURGERY,2026-05-01 00:00:00,1,9298,3753,234,2713,1647,403.6,6.24
C86038,PETERSGATE MEDICAL CENTRE,2025-11-01 00:00:00,3,9487,5488,210,3937,2718,578.5,3.83
C86038,PETERSGATE MEDICAL CENTRE,2025-12-01 00:00:00,3,9487,4908,153,3676,2373,517.3,3.12
C86038,PETERSGATE MEDICAL CENTRE,2026-01-01 00:00:00,3,9487,5223,163,3942,2411,550.5,3.12
C86038,PETERSGATE MEDICAL CENTRE,2026-02-01 00:00:00,3,9487,4813,171,3606,2263,507.3,3.55
C86038,PETERSGATE MEDICAL CENTRE,2026-04-01 00:00:00,3,9487,4966,182,3635,2359,523.5,3.66
C86038,PETERSGATE MEDICAL CENTRE,2026-05-01 00:00:00,3,9487,4872,170,3647,2481,513.5,3.49
C86605,ASKERN MEDICAL PRACTICE,2025-11-01 00:00:00,4,7824,4973,291,2495,939,635.6,5.85
C86605,ASKERN MEDICAL PRACTICE,2025-12-01 00:00:00,4,7824,5582,241,3038,1439,713.4,4.32
C86605,ASKERN MEDICAL PRACTICE,2026-01-01 00:00:00,4,7824,4895,169,2597,1171,625.6,3.45
C86605,ASKERN MEDICAL PRACTICE,2026-02-01 00:00:00,4,7824,4666,119,2496,1088,596.4,2.55
C86605,ASKERN MEDICAL PRACTICE,2026-04-01 00:00:00,4,7824,4995,151,2739,943,638.4,3.02
C86605,ASKERN MEDICAL PRACTICE,2026-05-01 00:00:00,4,7824,4931,183,2676,875,630.2,3.71
C86609,ASA MEDICAL GROUP,2025-11-01 00:00:00,4,20000,7747,288,5570,2512,387.4,3.72
C86609,ASA MEDICAL GROUP,2025-12-01 00:00:00,4,20000,8072,305,6022,2811,403.6,3.78
C86609,ASA MEDICAL GROUP,2026-01-01 00:00:00,4,20000,7608,265,5301,2497,380.4,3.48
C86609,ASA MEDICAL GROUP,2026-02-01 00:00:00,4,20000,7104,265,5011,2283,355.2,3.73
C86609,ASA MEDICAL GROUP,2026-04-01 00:00:00,4,20000,7491,255,5858,2437,374.6,3.4
C86609,ASA MEDICAL GROUP,2026-05-01 00:00:00,4,20000,6745,302,5384,2328,337.3,4.48
C86611,DUNSVILLE MEDICAL CENTRE,2025-11-01 00:00:00,8,6973,3550,137,2033,1601,509.1,3.86
C86611,DUNSVILLE MEDICAL CENTRE,2025-12-01 00:00:00,8,6973,3500,108,1860,1875,501.9,3.09
C86611,DUNSVILLE MEDICAL CENTRE,2026-01-01 00:00:00,8,6973,3502,93,2040,1693,502.2,2.66
C86611,DUNSVILLE MEDICAL CENTRE,2026-02-01 00:00:00,8,6973,3515,107,1868,1756,504.1,3.04
C86611,DUNSVILLE MEDICAL CENTRE,2026-04-01 00:00:00,8,6973,3418,99,1814,1682,490.2,2.9
C86611,DUNSVILLE MEDICAL CENTRE,2026-05-01 00:00:00,8,6973,3102,109,1594,1571,444.9,3.51
C86614,THORNE MOOR MEDICAL PRACTICE,2025-11-01 00:00:00,3,9700,5307,212,4301,1746,547.1,3.99
C86614,THORNE MOOR MEDICAL PRACTICE,2025-12-01 00:00:00,3,9700,5395,217,4321,1996,556.2,4.02
C86614,THORNE MOOR MEDICAL PRACTICE,2026-01-01 00:00:00,3,9700,5265,185,4336,1816,542.8,3.51
C86614,THORNE MOOR MEDICAL PRACTICE,2026-02-01 00:00:00,3,9700,4978,188,4092,1854,513.2,3.78
C86614,THORNE MOOR MEDICAL PRACTICE,2026-04-01 00:00:00,3,9700,5273,202,4367,1992,543.6,3.83
C86614,THORNE MOOR MEDICAL PRACTICE,2026-05-01 00:00:00,3,9700,4930,220,4167,1755,508.2,4.46
C86616,DENABY MEDICAL PRACTICE,2025-11-01 00:00:00,1,3738,967,107,773,380,258.7,11.07
C86616,DENABY MEDICAL PRACTICE,2025-12-01 00:00:00,1,3738,859,75,717,414,229.8,8.73
C86616,DENABY MEDICAL PRACTICE,2026-01-01 00:00:00,1,3738,1031,67,917,427,275.8,6.5
C86616,DENABY MEDICAL PRACTICE,2026-02-01 00:00:00,1,3738,950,41,845,413,254.1,4.32
C86616,DENABY MEDICAL PRACTICE,2026-04-01 00:00:00,1,3738,849,44,779,363,227.1,5.18
C86616,DENABY MEDICAL PRACTICE,2026-05-01 00:00:00,1,3738,960,69,853,365,256.8,7.19
C86621,WEST END CLINIC,2025-11-01 00:00:00,4,4498,1671,147,1376,453,371.5,8.8
C86621,WEST END CLINIC,2025-12-01 00:00:00,4,4498,1893,153,1534,498,420.9,8.08
C86621,WEST END CLINIC,2026-01-01 00:00:00,4,4498,1902,134,1363,483,422.9,7.05
C86621,WEST END CLINIC,2026-02-01 00:00:00,4,4498,1611,132,1262,355,358.2,8.19
C86621,WEST END CLINIC,2026-04-01 00:00:00,4,4498,2031,153,1563,540,451.5,7.53
C86621,WEST END CLINIC,2026-05-01 00:00:00,4,4498,1894,209,1490,463,421.1,11.03
C86625,CONISBROUGH MEDICAL PRACTICE,2025-11-01 00:00:00,1,1723,911,65,805,304,528.7,7.14
C86625,CONISBROUGH MEDICAL PRACTICE,2025-12-01 00:00:00,1,1723,924,75,809,399,536.3,8.12
C86625,CONISBROUGH MEDICAL PRACTICE,2026-01-01 00:00:00,1,1723,965,51,886,438,560.1,5.28
C86625,CONISBROUGH MEDICAL PRACTICE,2026-02-01 00:00:00,1,1723,1031,51,938,423,598.4,4.95
C86625,CONISBROUGH MEDICAL PRACTICE,2026-04-01 00:00:00,1,1723,1033,61,994,387,599.5,5.91
C86625,CONISBROUGH MEDICAL PRACTICE,2026-05-01 00:00:00,1,1723,882,54,819,350,511.9,6.12
C86626,PARK VIEW SURGERY,2025-11-01 00:00:00,7,2798,1444,61,877,283,516.1,4.22
C86626,PARK VIEW SURGERY,2025-12-01 00:00:00,7,2798,1301,61,753,313,465.0,4.69
C86626,PARK VIEW SURGERY,2026-01-01 00:00:00,7,2798,1453,76,919,305,519.3,5.23
C86626,PARK VIEW SURGERY,2026-02-01 00:00:00,7,2798,1311,83,814,279,468.5,6.33
C86626,PARK VIEW SURGERY,2026-04-01 00:00:00,7,2798,1334,58,812,267,476.8,4.35
C86626,PARK VIEW SURGERY,2026-05-01 00:00:00,7,2798,1232,58,768,237,440.3,4.71
C87002,DINNINGTON GROUP PRACTICE,2025-11-01 00:00:00,7,21159,12675,483,9958,4067,599.0,3.81
C87002,DINNINGTON GROUP PRACTICE,2025-12-01 00:00:00,7,21159,13342,535,10429,4429,630.6,4.01
C87002,DINNINGTON GROUP PRACTICE,2026-01-01 00:00:00,7,21159,13928,480,10963,4744,658.3,3.45
C87002,DINNINGTON GROUP PRACTICE,2026-02-01 00:00:00,7,21159,12883,465,10004,4539,608.9,3.61
C87002,DINNINGTON GROUP PRACTICE,2026-04-01 00:00:00,7,21159,12410,472,9604,4097,586.5,3.8
C87002,DINNINGTON GROUP PRACTICE,2026-05-01 00:00:00,7,21159,11620,408,9158,3883,549.2,3.51
C87003,WOODSTOCK BOWER GROUP PRACTICE,2025-11-01 00:00:00,1,11366,9802,325,7046,6298,862.4,3.32
C87003,WOODSTOCK BOWER GROUP PRACTICE,2025-12-01 00:00:00,1,11366,9694,355,7287,6400,852.9,3.66
C87003,WOODSTOCK BOWER GROUP PRACTICE,2026-01-01 00:00:00,1,11366,10911,405,8096,7284,960.0,3.71
C87003,WOODSTOCK BOWER GROUP PRACTICE,2026-02-01 00:00:00,1,11366,8482,394,5944,5133,746.3,4.65
C87003,WOODSTOCK BOWER GROUP PRACTICE,2026-04-01 00:00:00,1,11366,8714,323,6668,5220,766.7,3.71
C87003,WOODSTOCK BOWER GROUP PRACTICE,2026-05-01 00:00:00,1,11366,6341,271,4692,3082,557.9,4.27
C87004,KIVETON PARK MEDICAL PRACTICE,2025-11-01 00:00:00,9,12070,5271,239,4143,1334,436.7,4.53
C87004,KIVETON PARK MEDICAL PRACTICE,2025-12-01 00:00:00,9,12070,5376,235,4264,1533,445.4,4.37
C87004,KIVETON PARK MEDICAL PRACTICE,2026-01-01 00:00:00,9,12070,5871,238,4627,1515,486.4,4.05
C87004,KIVETON PARK MEDICAL PRACTICE,2026-02-01 00:00:00,9,12070,4871,197,3914,1279,403.6,4.04
C87004,KIVETON PARK MEDICAL PRACTICE,2026-04-01 00:00:00,9,12070,4465,170,3565,1242,369.9,3.81
C87004,KIVETON PARK MEDICAL PRACTICE,2026-05-01 00:00:00,9,12070,4548,206,3666,1224,376.8,4.53
C87005,ST ANN'S MEDICAL CENTRE,2025-11-01 00:00:00,1,18996,12332,606,10737,4071,649.2,4.91
C87005,ST ANN'S MEDICAL CENTRE,2025-12-01 00:00:00,1,18996,12944,684,11162,4259,681.4,5.28
C87005,ST ANN'S MEDICAL CENTRE,2026-01-01 00:00:00,1,18996,14416,672,12379,5286,758.9,4.66
C87005,ST ANN'S MEDICAL CENTRE,2026-02-01 00:00:00,1,18996,13275,649,10758,4874,698.8,4.89
C87005,ST ANN'S MEDICAL CENTRE,2026-04-01 00:00:00,1,18996,11035,572,9187,4095,580.9,5.18
C87005,ST ANN'S MEDICAL CENTRE,2026-05-01 00:00:00,1,18996,10928,654,9194,4097,575.3,5.98
C87006,THE MAGNA GROUP PRACTICE,2025-11-01 00:00:00,4,15165,11096,302,6224,3373,731.7,2.72
C87006,THE MAGNA GROUP PRACTICE,2025-12-01 00:00:00,4,15165,11256,300,6171,3347,742.2,2.67
C87006,THE MAGNA GROUP PRACTICE,2026-01-01 00:00:00,4,15165,11416,329,6641,3386,752.8,2.88
C87006,THE MAGNA GROUP PRACTICE,2026-02-01 00:00:00,4,15165,10510,337,6215,2838,693.0,3.21
C87006,THE MAGNA GROUP PRACTICE,2026-04-01 00:00:00,4,15165,10886,379,6067,2753,717.8,3.48
C87006,THE MAGNA GROUP PRACTICE,2026-05-01 00:00:00,4,15165,10272,397,5938,2731,677.3,3.86
C87007,STAG MEDICAL CENTRE,2025-11-01 00:00:00,8,11686,6020,215,3665,1783,515.1,3.57
C87007,STAG MEDICAL CENTRE,2025-12-01 00:00:00,8,11686,5599,172,3348,1908,479.1,3.07
C87007,STAG MEDICAL CENTRE,2026-01-01 00:00:00,8,11686,5819,186,3528,1931,497.9,3.2
C87007,STAG MEDICAL CENTRE,2026-02-01 00:00:00,8,11686,6677,135,3153,3436,571.4,2.02
C87007,STAG MEDICAL CENTRE,2026-04-01 00:00:00,8,11686,7797,151,3187,4493,667.2,1.94
C87007,STAG MEDICAL CENTRE,2026-05-01 00:00:00,8,11686,7071,131,2859,4048,605.1,1.85
C87008,SWALLOWNEST HEALTH CENTRE,2025-11-01 00:00:00,3,16121,7915,251,6344,2450,491.0,3.17
C87008,SWALLOWNEST HEALTH CENTRE,2025-12-01 00:00:00,3,16121,7976,348,6464,2803,494.8,4.36
C87008,SWALLOWNEST HEALTH CENTRE,2026-01-01 00:00:00,3,16121,8454,263,6961,2668,524.4,3.11
C87008,SWALLOWNEST HEALTH CENTRE,2026-02-01 00:00:00,3,16121,7990,254,6705,2338,495.6,3.18
C87008,SWALLOWNEST HEALTH CENTRE,2026-04-01 00:00:00,3,16121,7969,234,6525,2374,494.3,2.94
C87008,SWALLOWNEST HEALTH CENTRE,2026-05-01 00:00:00,3,16121,7279,234,5898,2260,451.5,3.21
C87009,BRINSWORTH MEDICAL CENTRE,2025-11-01 00:00:00,8,10715,6150,303,4142,2284,574.0,4.93
C87009,BRINSWORTH MEDICAL CENTRE,2025-12-01 00:00:00,8,10715,5981,262,3835,2726,558.2,4.38
C87009,BRINSWORTH MEDICAL CENTRE,2026-01-01 00:00:00,8,10715,5968,251,3972,2665,557.0,4.21
C87009,BRINSWORTH MEDICAL CENTRE,2026-02-01 00:00:00,8,10715,5568,246,3632,2240,519.6,4.42
C87009,BRINSWORTH MEDICAL CENTRE,2026-04-01 00:00:00,8,10715,4984,181,3299,2085,465.1,3.63
C87009,BRINSWORTH MEDICAL CENTRE,2026-05-01 00:00:00,8,10715,4894,191,3305,2027,456.7,3.9
C87010,YORK ROAD SURGERY,2025-11-01 00:00:00,1,4710,2627,61,1561,1424,557.7,2.32
C87010,YORK ROAD SURGERY,2025-12-01 00:00:00,1,4710,2743,48,1559,1512,582.4,1.75
C87010,YORK ROAD SURGERY,2026-01-01 00:00:00,1,4710,2889,76,1600,1560,613.4,2.63
C87010,YORK ROAD SURGERY,2026-02-01 00:00:00,1,4710,2728,67,1549,1519,579.2,2.46
C87010,YORK ROAD SURGERY,2026-04-01 00:00:00,1,4710,2633,108,1472,1410,559.0,4.1
C87010,YORK ROAD SURGERY,2026-05-01 00:00:00,1,4710,2410,91,1362,1409,511.7,3.78
C87012,BROOM LANE MEDICAL CENTRE,2025-11-01 00:00:00,3,15632,8577,243,5307,4425,548.7,2.83
C87012,BROOM LANE MEDICAL CENTRE,2025-12-01 00:00:00,3,15632,8317,280,5234,4374,532.0,3.37
C87012,BROOM LANE MEDICAL CENTRE,2026-01-01 00:00:00,3,15632,8584,262,5312,4469,549.1,3.05
C87012,BROOM LANE MEDICAL CENTRE,2026-02-01 00:00:00,3,15632,8380,415,5440,3976,536.1,4.95
C87012,BROOM LANE MEDICAL CENTRE,2026-04-01 00:00:00,3,15632,8382,300,5463,4218,536.2,3.58
C87012,BROOM LANE MEDICAL CENTRE,2026-05-01 00:00:00,3,15632,7706,409,5168,3843,493.0,5.31
C87013,PARKGATE MEDICAL CENTRE,2025-11-01 00:00:00,2,6536,3177,162,2741,835,486.1,5.1
C87013,PARKGATE MEDICAL CENTRE,2025-12-01 00:00:00,2,6536,3030,172,2683,853,463.6,5.68
C87013,PARKGATE MEDICAL CENTRE,2026-01-01 00:00:00,2,6536,2876,128,2563,885,440.0,4.45
C87013,PARKGATE MEDICAL CENTRE,2026-02-01 00:00:00,2,6536,3055,164,2532,778,467.4,5.37
C87013,PARKGATE MEDICAL CENTRE,2026-04-01 00:00:00,2,6536,3150,165,2704,875,481.9,5.24
C87013,PARKGATE MEDICAL CENTRE,2026-05-01 00:00:00,2,6536,2702,150,2339,702,413.4,5.55
C87014,TREETON MEDICAL CENTRE,2025-11-01 00:00:00,2,9594,6169,186,3187,3513,643.0,3.02
C87014,TREETON MEDICAL CENTRE,2025-12-01 00:00:00,2,9594,6332,310,3323,3508,660.0,4.9
C87014,TREETON MEDICAL CENTRE,2026-01-01 00:00:00,2,9594,6201,202,3103,3362,646.3,3.26
C87014,TREETON MEDICAL CENTRE,2026-02-01 00:00:00,2,9594,5774,133,2844,3326,601.8,2.3
C87014,TREETON MEDICAL CENTRE,2026-04-01 00:00:00,2,9594,4880,146,2782,2866,508.7,2.99
C87014,TREETON MEDICAL CENTRE,2026-05-01 00:00:00,2,9594,4882,210,2671,2900,508.9,4.3
C87015,WICKERSLEY HEALTH CENTRE,2025-11-01 00:00:00,8,6788,4364,703,4160,2082,642.9,16.11
C87015,WICKERSLEY HEALTH CENTRE,2025-12-01 00:00:00,8,6788,4235,853,4046,2069,623.9,20.14
C87015,WICKERSLEY HEALTH CENTRE,2026-01-01 00:00:00,8,6788,4308,996,4068,2123,634.6,23.12
C87015,WICKERSLEY HEALTH CENTRE,2026-02-01 00:00:00,8,6788,4014,897,3715,2026,591.3,22.35
C87015,WICKERSLEY HEALTH CENTRE,2026-04-01 00:00:00,8,6788,4007,924,3786,1818,590.3,23.06
C87015,WICKERSLEY HEALTH CENTRE,2026-05-01 00:00:00,8,6788,3693,935,3535,1788,544.0,25.32
C87016,MORTHEN ROAD SURGERY,2025-11-01 00:00:00,6,12272,7854,122,3806,3778,640.0,1.55
C87016,MORTHEN ROAD SURGERY,2025-12-01 00:00:00,6,12272,7726,113,3709,3838,629.6,1.46
C87016,MORTHEN ROAD SURGERY,2026-01-01 00:00:00,6,12272,8350,128,4140,4268,680.4,1.53
C87016,MORTHEN ROAD SURGERY,2026-02-01 00:00:00,6,12272,8111,101,3845,3920,660.9,1.25
C87016,MORTHEN ROAD SURGERY,2026-04-01 00:00:00,6,12272,7577,113,3755,3575,617.4,1.49
C87016,MORTHEN ROAD SURGERY,2026-05-01 00:00:00,6,12272,7429,122,3680,3691,605.4,1.64
C87017,CLIFTON MEDICAL CENTRE,2025-11-01 00:00:00,1,12796,6759,380,4309,2841,528.2,5.62
C87017,CLIFTON MEDICAL CENTRE,2025-12-01 00:00:00,1,12796,7356,420,4494,3707,574.9,5.71
C87017,CLIFTON MEDICAL CENTRE,2026-01-01 00:00:00,1,12796,7596,388,4760,3633,593.6,5.11
C87017,CLIFTON MEDICAL CENTRE,2026-02-01 00:00:00,1,12796,6948,395,4436,3094,543.0,5.69
C87017,CLIFTON MEDICAL CENTRE,2026-04-01 00:00:00,1,12796,7901,410,4591,3741,617.5,5.19
C87017,CLIFTON MEDICAL CENTRE,2026-05-01 00:00:00,1,12796,6559,363,3905,2972,512.6,5.53
C87018,HIGH STREET SURGERY,2025-11-01 00:00:00,2,7692,4180,169,3735,1389,543.4,4.04
C87018,HIGH STREET SURGERY,2025-12-01 00:00:00,2,7692,3923,156,3484,1487,510.0,3.98
C87018,HIGH STREET SURGERY,2026-01-01 00:00:00,2,7692,4213,142,3807,1589,547.7,3.37
C87018,HIGH STREET SURGERY,2026-02-01 00:00:00,2,7692,4087,98,3561,1396,531.3,2.4
C87018,HIGH STREET SURGERY,2026-04-01 00:00:00,2,7692,4253,100,3712,1508,552.9,2.35
C87018,HIGH STREET SURGERY,2026-05-01 00:00:00,2,7692,3948,107,3522,1364,513.3,2.71
C87020,GREENSIDE SURGERY,2025-11-01 00:00:00,1,5118,2722,111,1976,795,531.8,4.08
C87020,GREENSIDE SURGERY,2025-12-01 00:00:00,1,5118,2395,95,1668,831,468.0,3.97
C87020,GREENSIDE SURGERY,2026-01-01 00:00:00,1,5118,2805,102,2054,897,548.1,3.64
C87020,GREENSIDE SURGERY,2026-02-01 00:00:00,1,5118,2436,90,1766,834,476.0,3.69
C87020,GREENSIDE SURGERY,2026-04-01 00:00:00,1,5118,2783,105,1931,844,543.8,3.77
C87020,GREENSIDE SURGERY,2026-05-01 00:00:00,1,5118,2249,88,1621,687,439.4,3.91
C87022,VILLAGE SURGERY,2025-11-01 00:00:00,4,8612,6944,224,3978,3056,806.3,3.23
C87022,VILLAGE SURGERY,2025-12-01 00:00:00,4,8612,6962,188,3744,3414,808.4,2.7
C87022,VILLAGE SURGERY,2026-01-01 00:00:00,4,8612,7771,226,4505,3635,902.3,2.91
C87022,VILLAGE SURGERY,2026-02-01 00:00:00,4,8612,7163,151,3785,3524,831.7,2.11
C87022,VILLAGE SURGERY,2026-04-01 00:00:00,4,8612,7014,167,3892,3281,814.4,2.38
C87022,VILLAGE SURGERY,2026-05-01 00:00:00,4,8612,6507,176,3592,3081,755.6,2.7
C87024,RAWMARSH HEALTH CENTRE,2025-11-01 00:00:00,2,4297,2005,75,1671,765,466.6,3.74
C87024,RAWMARSH HEALTH CENTRE,2025-12-01 00:00:00,2,4297,2028,84,1718,799,472.0,4.14
C87024,RAWMARSH HEALTH CENTRE,2026-01-01 00:00:00,2,4297,2186,105,1836,917,508.7,4.8
C87024,RAWMARSH HEALTH CENTRE,2026-02-01 00:00:00,2,4297,2458,114,2028,916,572.0,4.64
C87024,RAWMARSH HEALTH CENTRE,2026-04-01 00:00:00,2,4297,2021,88,1714,786,470.3,4.35
C87024,RAWMARSH HEALTH CENTRE,2026-05-01 00:00:00,2,4297,1962,84,1626,804,456.6,4.28
C87029,MARKET SURGERY,2025-11-01 00:00:00,1,12612,6217,237,4696,1527,492.9,3.81
C87029,MARKET SURGERY,2025-12-01 00:00:00,1,12612,6226,355,4735,1746,493.7,5.7
C87029,MARKET SURGERY,2026-01-01 00:00:00,1,12612,6382,280,4885,1642,506.0,4.39
C87029,MARKET SURGERY,2026-02-01 00:00:00,1,12612,5504,233,4200,1374,436.4,4.23
C87029,MARKET SURGERY,2026-04-01 00:00:00,1,12612,6222,261,4592,1459,493.3,4.19
C87029,MARKET SURGERY,2026-05-01 00:00:00,1,12612,5212,276,3917,1232,413.3,5.3
C87030,CROWN STREET SURGERY,2025-11-01 00:00:00,2,9411,5795,126,4141,2360,615.8,2.17
C87030,CROWN STREET SURGERY,2025-12-01 00:00:00,2,9411,6240,183,4494,2847,663.1,2.93
C87030,CROWN STREET SURGERY,2026-01-01 00:00:00,2,9411,6257,168,4578,2960,664.9,2.68
C87030,CROWN STREET SURGERY,2026-02-01 00:00:00,2,9411,5890,174,4318,2592,625.9,2.95
C87030,CROWN STREET SURGERY,2026-04-01 00:00:00,2,9411,5886,181,4419,2428,625.4,3.08
C87030,CROWN STREET SURGERY,2026-05-01 00:00:00,2,9411,5423,190,4066,2109,576.2,3.5
C87031,DR RAOLU'S PRACTICE,2025-11-01 00:00:00,4,3924,2867,57,2016,1325,730.6,1.99
C87031,DR RAOLU'S PRACTICE,2025-12-01 00:00:00,4,3924,2874,88,2008,1391,732.4,3.06
C87031,DR RAOLU'S PRACTICE,2026-01-01 00:00:00,4,3924,2974,37,1969,1538,757.9,1.24
C87031,DR RAOLU'S PRACTICE,2026-02-01 00:00:00,4,3924,2866,63,1949,1299,730.4,2.2
C87031,DR RAOLU'S PRACTICE,2026-04-01 00:00:00,4,3924,3067,77,2201,1562,781.6,2.51
C87031,DR RAOLU'S PRACTICE,2026-05-01 00:00:00,4,3924,2487,71,1667,1227,633.8,2.85
C87603,GREASBROUGH MEDICAL CENTRE,2025-11-01 00:00:00,1,4092,2803,129,2773,1332,685.0,4.6
C87603,GREASBROUGH MEDICAL CENTRE,2025-12-01 00:00:00,1,4092,2851,117,2817,1484,696.7,4.1
C87603,GREASBROUGH MEDICAL CENTRE,2026-01-01 00:00:00,1,4092,3078,103,3055,1499,752.2,3.35
C87603,GREASBROUGH MEDICAL CENTRE,2026-02-01 00:00:00,1,4092,2942,126,2924,1421,719.0,4.28
C87603,GREASBROUGH MEDICAL CENTRE,2026-04-01 00:00:00,1,4092,2882,96,2842,1484,704.3,3.33
C87603,GREASBROUGH MEDICAL CENTRE,2026-05-01 00:00:00,1,4092,2725,74,2707,1436,665.9,2.72
C87604,THORPE HESLEY SURGERY,2025-11-01 00:00:00,8,5976,3208,131,2702,789,536.8,4.08
C87604,THORPE HESLEY SURGERY,2025-12-01 00:00:00,8,5976,2717,119,2275,758,454.7,4.38
C87604,THORPE HESLEY SURGERY,2026-01-01 00:00:00,8,5976,2878,110,2471,796,481.6,3.82
C87604,THORPE HESLEY SURGERY,2026-02-01 00:00:00,8,5976,2871,79,2469,677,480.4,2.75
C87604,THORPE HESLEY SURGERY,2026-04-01 00:00:00,8,5976,2375,67,2064,635,397.4,2.82
C87604,THORPE HESLEY SURGERY,2026-05-01 00:00:00,8,5976,2370,75,2052,651,396.6,3.16
C87608,SHAKESPEARE ROAD SURGERY,2025-11-01 00:00:00,1,5855,3109,232,2076,1108,531.0,7.46
C87608,SHAKESPEARE ROAD SURGERY,2025-12-01 00:00:00,1,5855,3226,236,2119,1170,551.0,7.32
C87608,SHAKESPEARE ROAD SURGERY,2026-01-01 00:00:00,1,5855,3295,253,2103,1316,562.8,7.68
C87608,SHAKESPEARE ROAD SURGERY,2026-02-01 00:00:00,1,5855,3221,259,2174,1172,550.1,8.04
C87608,SHAKESPEARE ROAD SURGERY,2026-04-01 00:00:00,1,5855,2966,224,1922,968,506.6,7.55
C87608,SHAKESPEARE ROAD SURGERY,2026-05-01 00:00:00,1,5855,2701,215,1793,882,461.3,7.96
C87616,BLYTH ROAD MEDICAL CENTRE,2025-11-01 00:00:00,1,6409,5272,130,2973,2831,822.6,2.47
C87616,BLYTH ROAD MEDICAL CENTRE,2025-12-01 00:00:00,1,6409,5117,137,2813,2755,798.4,2.68
C87616,BLYTH ROAD MEDICAL CENTRE,2026-01-01 00:00:00,1,6409,5316,169,2914,3002,829.5,3.18
C87616,BLYTH ROAD MEDICAL CENTRE,2026-02-01 00:00:00,1,6409,5230,162,2908,2692,816.0,3.1
C87616,BLYTH ROAD MEDICAL CENTRE,2026-04-01 00:00:00,1,6409,5012,163,2892,2523,782.0,3.25
C87616,BLYTH ROAD MEDICAL CENTRE,2026-05-01 00:00:00,1,6409,4636,127,2548,2330,723.4,2.74
C87620,MANOR FIELD SURGERY,2025-11-01 00:00:00,4,7130,6355,120,5783,3521,891.3,1.89
C87620,MANOR FIELD SURGERY,2025-12-01 00:00:00,4,7130,6405,113,5835,3768,898.3,1.76
C87620,MANOR FIELD SURGERY,2026-01-01 00:00:00,4,7130,6190,122,5685,3461,868.2,1.97
C87620,MANOR FIELD SURGERY,2026-02-01 00:00:00,4,7130,6412,113,5940,3425,899.3,1.76
C87620,MANOR FIELD SURGERY,2026-04-01 00:00:00,4,7130,6106,124,5566,3284,856.4,2.03
C87620,MANOR FIELD SURGERY,2026-05-01 00:00:00,4,7130,5908,90,5238,3174,828.6,1.52
C87622,GATEWAY PRIMARY CARE,2025-11-01 00:00:00,1,10205,5510,545,4449,1762,539.9,9.89
C87622,GATEWAY PRIMARY CARE,2025-12-01 00:00:00,1,10205,5165,542,4047,1700,506.1,10.49
C87622,GATEWAY PRIMARY CARE,2026-01-01 00:00:00,1,10205,5653,556,4349,1847,553.9,9.84
C87622,GATEWAY PRIMARY CARE,2026-02-01 00:00:00,1,10205,4919,451,3859,1674,482.0,9.17
C87622,GATEWAY PRIMARY CARE,2026-04-01 00:00:00,1,10205,5097,472,3819,1906,499.5,9.26
C87622,GATEWAY PRIMARY CARE,2026-05-01 00:00:00,1,10205,4731,454,3445,1791,463.6,9.6
C88005,WALKLEY HOUSE & STANNINGTON M.C,2025-11-01 00:00:00,7,15830,11976,198,7180,7246,756.5,1.65
C88005,WALKLEY HOUSE & STANNINGTON M.C,2025-12-01 00:00:00,7,15830,11653,210,6669,7560,736.1,1.8
C88005,WALKLEY HOUSE & STANNINGTON M.C,2026-01-01 00:00:00,7,15830,12396,185,7071,7456,783.1,1.49
C88005,WALKLEY HOUSE & STANNINGTON M.C,2026-02-01 00:00:00,7,15830,11733,183,6480,7137,741.2,1.56
C88005,WALKLEY HOUSE & STANNINGTON M.C,2026-04-01 00:00:00,7,15830,11235,235,5966,7110,709.7,2.09
C88005,WALKLEY HOUSE & STANNINGTON M.C,2026-05-01 00:00:00,7,15830,11108,253,6480,6855,701.7,2.28
C88006,NORFOLK PARK HEALTH CENTRE,2025-11-01 00:00:00,1,6056,3883,151,1844,1779,641.2,3.89
C88006,NORFOLK PARK HEALTH CENTRE,2025-12-01 00:00:00,1,6056,4190,156,1965,2002,691.9,3.72
C88006,NORFOLK PARK HEALTH CENTRE,2026-01-01 00:00:00,1,6056,3847,164,1874,1852,635.2,4.26
C88006,NORFOLK PARK HEALTH CENTRE,2026-02-01 00:00:00,1,6056,3886,135,1906,1881,641.7,3.47
C88006,NORFOLK PARK HEALTH CENTRE,2026-04-01 00:00:00,1,6056,3862,153,1911,1839,637.7,3.96
C88006,NORFOLK PARK HEALTH CENTRE,2026-05-01 00:00:00,1,6056,3697,138,1806,1726,610.5,3.73
C88007,PORTER BROOK MEDICAL CENTRE,2025-11-01 00:00:00,4,26739,10995,445,6964,5827,411.2,4.05
C88007,PORTER BROOK MEDICAL CENTRE,2025-12-01 00:00:00,4,26739,10166,436,6269,4882,380.2,4.29
C88007,PORTER BROOK MEDICAL CENTRE,2026-01-01 00:00:00,4,26739,11087,398,6751,5579,414.6,3.59
C88007,PORTER BROOK MEDICAL CENTRE,2026-02-01 00:00:00,4,26739,11585,399,7132,5711,433.3,3.44
C88007,PORTER BROOK MEDICAL CENTRE,2026-04-01 00:00:00,4,26739,10837,416,4785,5318,405.3,3.84
C88007,PORTER BROOK MEDICAL CENTRE,2026-05-01 00:00:00,4,26739,10027,365,4450,4847,375.0,3.64
C88008,FORGE HEALTH GROUP,2025-11-01 00:00:00,1,14041,4991,427,3096,1391,355.5,8.56
C88008,FORGE HEALTH GROUP,2025-12-01 00:00:00,1,14041,4796,461,2959,1439,341.6,9.61
C88008,FORGE HEALTH GROUP,2026-01-01 00:00:00,1,14041,5268,387,3143,1637,375.2,7.35
C88008,FORGE HEALTH GROUP,2026-02-01 00:00:00,1,14041,4727,351,3035,1490,336.7,7.43
C88008,FORGE HEALTH GROUP,2026-04-01 00:00:00,1,14041,4559,325,2785,1239,324.7,7.13
C88008,FORGE HEALTH GROUP,2026-05-01 00:00:00,1,14041,4209,362,2579,1243,299.8,8.6
C88009,FOXHILL MEDICAL CENTRE,2025-11-01 00:00:00,1,6195,4992,122,1783,2244,805.8,2.44
C88009,FOXHILL MEDICAL CENTRE,2025-12-01 00:00:00,1,6195,4741,114,1562,2208,765.3,2.4
C88009,FOXHILL MEDICAL CENTRE,2026-01-01 00:00:00,1,6195,5442,116,2087,2543,878.5,2.13
C88009,FOXHILL MEDICAL CENTRE,2026-02-01 00:00:00,1,6195,5407,130,2039,2444,872.8,2.4
C88009,FOXHILL MEDICAL CENTRE,2026-04-01 00:00:00,1,6195,4686,94,1527,2132,756.4,2.01
C88009,FOXHILL MEDICAL CENTRE,2026-05-01 00:00:00,1,6195,4753,109,1611,2213,767.2,2.29
C88010,CHAPELGREEN PRACTICE,2025-11-01 00:00:00,3,14171,8306,85,4876,5412,586.1,1.02
C88010,CHAPELGREEN PRACTICE,2025-12-01 00:00:00,3,14171,8735,77,4908,5631,616.4,0.88
C88010,CHAPELGREEN PRACTICE,2026-01-01 00:00:00,3,14171,9469,87,5264,5916,668.2,0.92
C88010,CHAPELGREEN PRACTICE,2026-02-01 00:00:00,3,14171,9347,90,4702,5882,659.6,0.96
C88010,CHAPELGREEN PRACTICE,2026-04-01 00:00:00,3,14171,8837,72,4496,5872,623.6,0.81
C88010,CHAPELGREEN PRACTICE,2026-05-01 00:00:00,3,14171,8506,96,4393,5471,600.2,1.13
C88011,BUCHANAN ROAD SURGERY,2025-11-01 00:00:00,1,4765,3188,161,1822,1865,669.0,5.05
C88011,BUCHANAN ROAD SURGERY,2025-12-01 00:00:00,1,4765,3112,164,1810,1914,653.1,5.27
C88011,BUCHANAN ROAD SURGERY,2026-01-01 00:00:00,1,4765,3453,174,1981,2073,724.7,5.04
C88011,BUCHANAN ROAD SURGERY,2026-02-01 00:00:00,1,4765,3294,173,1940,1907,691.3,5.25
C88011,BUCHANAN ROAD SURGERY,2026-04-01 00:00:00,1,4765,3077,148,1819,1725,645.8,4.81
C88011,BUCHANAN ROAD SURGERY,2026-05-01 00:00:00,1,4765,2830,159,1650,1598,593.9,5.62
C88014,NORWOOD MEDICAL CENTRE,2025-11-01 00:00:00,1,9675,5963,310,3719,2758,616.3,5.2
C88014,NORWOOD MEDICAL CENTRE,2025-12-01 00:00:00,1,9675,5362,206,3000,2922,554.2,3.84
C88014,NORWOOD MEDICAL CENTRE,2026-01-01 00:00:00,1,9675,5799,223,3332,2961,599.4,3.85
C88014,NORWOOD MEDICAL CENTRE,2026-02-01 00:00:00,1,9675,5281,287,2988,2680,545.8,5.43
C88014,NORWOOD MEDICAL CENTRE,2026-04-01 00:00:00,1,9675,5564,227,3119,2853,575.1,4.08
C88014,NORWOOD MEDICAL CENTRE,2026-05-01 00:00:00,1,9675,5206,257,2851,2620,538.1,4.94
C88015,MEADOWGREEN HEALTH CENTRE,2025-11-01 00:00:00,1,18886,11283,519,6299,5071,597.4,4.6
C88015,MEADOWGREEN HEALTH CENTRE,2025-12-01 00:00:00,1,18886,11663,527,6413,5189,617.5,4.52
C88015,MEADOWGREEN HEALTH CENTRE,2026-01-01 00:00:00,1,18886,12191,549,6958,5249,645.5,4.5
C88015,MEADOWGREEN HEALTH CENTRE,2026-02-01 00:00:00,1,18886,11486,553,6467,5030,608.2,4.81
C88015,MEADOWGREEN HEALTH CENTRE,2026-04-01 00:00:00,1,18886,11774,512,6027,5067,623.4,4.35
C88015,MEADOWGREEN HEALTH CENTRE,2026-05-01 00:00:00,1,18886,11414,533,5501,5390,604.4,4.67
C88016,CARTERKNOWLE & DORE MEDICAL PRACTICE,2025-11-01 00:00:00,4,13591,7330,177,3459,2721,539.3,2.41
C88016,CARTERKNOWLE & DORE MEDICAL PRACTICE,2025-12-01 00:00:00,4,13591,7414,152,3299,3056,545.5,2.05
C88016,CARTERKNOWLE & DORE MEDICAL PRACTICE,2026-01-01 00:00:00,4,13591,7586,106,3230,2995,558.2,1.4
C88016,CARTERKNOWLE & DORE MEDICAL PRACTICE,2026-02-01 00:00:00,4,13591,7488,112,3419,2863,551.0,1.5
C88016,CARTERKNOWLE & DORE MEDICAL PRACTICE,2026-04-01 00:00:00,4,13591,6856,105,2881,2795,504.5,1.53
C88016,CARTERKNOWLE & DORE MEDICAL PRACTICE,2026-05-01 00:00:00,4,13591,6499,108,2783,2510,478.2,1.66
C88018,TRAMWAYS MEDICAL CENTRE (O'CONNELL),2025-11-01 00:00:00,5,8793,5284,144,3900,2574,600.9,2.73
C88018,TRAMWAYS MEDICAL CENTRE (O'CONNELL),2025-12-01 00:00:00,5,8793,5642,129,4001,3040,641.6,2.29
C88018,TRAMWAYS MEDICAL CENTRE (O'CONNELL),2026-01-01 00:00:00,5,8793,5420,111,3991,2969,616.4,2.05
C88018,TRAMWAYS MEDICAL CENTRE (O'CONNELL),2026-02-01 00:00:00,5,8793,5176,119,3847,2682,588.7,2.3
C88018,TRAMWAYS MEDICAL CENTRE (O'CONNELL),2026-04-01 00:00:00,5,8793,5074,136,3542,2798,577.0,2.68
C88018,TRAMWAYS MEDICAL CENTRE (O'CONNELL),2026-05-01 00:00:00,5,8793,4904,141,3341,2469,557.7,2.88
C88019,GLEADLESS MEDICAL CENTRE,2025-11-01 00:00:00,1,8629,3918,250,2547,1482,454.1,6.38
C88019,GLEADLESS MEDICAL CENTRE,2025-12-01 00:00:00,1,8629,3933,277,2421,1567,455.8,7.04
C88019,GLEADLESS MEDICAL CENTRE,2026-01-01 00:00:00,1,8629,4515,293,2849,1613,523.2,6.49
C88019,GLEADLESS MEDICAL CENTRE,2026-02-01 00:00:00,1,8629,4078,260,2598,1437,472.6,6.38
C88019,GLEADLESS MEDICAL CENTRE,2026-04-01 00:00:00,1,8629,4187,309,2551,1615,485.2,7.38
C88019,GLEADLESS MEDICAL CENTRE,2026-05-01 00:00:00,1,8629,3858,264,2473,1468,447.1,6.84
C88020,WHITE HOUSE SURGERY,2025-11-01 00:00:00,1,7713,4158,197,2648,1979,539.1,4.74
C88020,WHITE HOUSE SURGERY,2025-12-01 00:00:00,1,7713,4202,210,2753,1985,544.8,5.0
C88020,WHITE HOUSE SURGERY,2026-01-01 00:00:00,1,7713,4475,210,2942,2010,580.2,4.69
C88020,WHITE HOUSE SURGERY,2026-02-01 00:00:00,1,7713,4096,162,2637,1947,531.1,3.96
C88020,WHITE HOUSE SURGERY,2026-04-01 00:00:00,1,7713,3874,160,2444,1901,502.3,4.13
C88020,WHITE HOUSE SURGERY,2026-05-01 00:00:00,1,7713,3560,152,2189,1845,461.6,4.27
C88021,FAR LANE MEDICAL CENTRE,2025-11-01 00:00:00,7,7484,3973,136,3656,1136,530.9,3.42
C88021,FAR LANE MEDICAL CENTRE,2025-12-01 00:00:00,7,7484,4199,169,3855,1190,561.1,4.02
C88021,FAR LANE MEDICAL CENTRE,2026-01-01 00:00:00,7,7484,4115,134,3791,1115,549.8,3.26
C88021,FAR LANE MEDICAL CENTRE,2026-02-01 00:00:00,7,7484,4015,121,3683,1122,536.5,3.01
C88021,FAR LANE MEDICAL CENTRE,2026-04-01 00:00:00,7,7484,3719,162,3500,953,496.9,4.36
C88021,FAR LANE MEDICAL CENTRE,2026-05-01 00:00:00,7,7484,3378,118,3112,867,451.4,3.49
C88022,STONECROFT MEDICAL CENTRE,2025-11-01 00:00:00,6,5281,2609,126,2157,1056,494.0,4.83
C88022,STONECROFT MEDICAL CENTRE,2025-12-01 00:00:00,6,5281,2605,90,2037,1259,493.3,3.45
C88022,STONECROFT MEDICAL CENTRE,2026-01-01 00:00:00,6,5281,3005,107,2365,1399,569.0,3.56
C88022,STONECROFT MEDICAL CENTRE,2026-02-01 00:00:00,6,5281,2904,108,2328,1210,549.9,3.72
C88022,STONECROFT MEDICAL CENTRE,2026-04-01 00:00:00,6,5281,3004,159,2524,1117,568.8,5.29
C88022,STONECROFT MEDICAL CENTRE,2026-05-01 00:00:00,6,5281,2484,90,1916,1205,470.4,3.62
C88023,SOTHALL & BEIGHTON HEALTH CENTRES,2025-11-01 00:00:00,8,9524,5962,273,3665,2877,626.0,4.58
C88023,SOTHALL & BEIGHTON HEALTH CENTRES,2025-12-01 00:00:00,8,9524,5801,215,3345,3138,609.1,3.71
C88023,SOTHALL & BEIGHTON HEALTH CENTRES,2026-01-01 00:00:00,8,9524,5869,175,3162,3345,616.2,2.98
C88023,SOTHALL & BEIGHTON HEALTH CENTRES,2026-02-01 00:00:00,8,9524,5485,173,2966,3085,575.9,3.15
C88023,SOTHALL & BEIGHTON HEALTH CENTRES,2026-04-01 00:00:00,8,9524,5284,175,2884,2950,554.8,3.31
C88023,SOTHALL & BEIGHTON HEALTH CENTRES,2026-05-01 00:00:00,8,9524,4862,139,2794,2609,510.5,2.86
C88025,BIRLEY HEALTH CENTRE,2025-11-01 00:00:00,4,9330,4560,120,3857,1481,488.7,2.63
C88025,BIRLEY HEALTH CENTRE,2025-12-01 00:00:00,4,9330,4502,123,3767,1535,482.5,2.73
C88025,BIRLEY HEALTH CENTRE,2026-01-01 00:00:00,4,9330,4781,130,4104,1605,512.4,2.72
C88025,BIRLEY HEALTH CENTRE,2026-02-01 00:00:00,4,9330,4501,114,3861,1489,482.4,2.53
C88025,BIRLEY HEALTH CENTRE,2026-04-01 00:00:00,4,9330,4383,131,3678,1472,469.8,2.99
C88025,BIRLEY HEALTH CENTRE,2026-05-01 00:00:00,4,9330,4089,101,3434,1411,438.3,2.47
C88026,SLOAN MEDICAL CENTRE,2025-11-01 00:00:00,5,13922,6683,154,3920,2872,480.0,2.3
C88026,SLOAN MEDICAL CENTRE,2025-12-01 00:00:00,5,13922,6670,160,4095,2782,479.1,2.4
C88026,SLOAN MEDICAL CENTRE,2026-01-01 00:00:00,5,13922,6901,149,4097,2887,495.7,2.16
C88026,SLOAN MEDICAL CENTRE,2026-02-01 00:00:00,5,13922,5781,138,3277,2294,415.2,2.39
C88026,SLOAN MEDICAL CENTRE,2026-04-01 00:00:00,5,13922,8041,156,4117,3688,577.6,1.94
C88026,SLOAN MEDICAL CENTRE,2026-05-01 00:00:00,5,13922,7382,178,3812,3444,530.2,2.41
C88027,UPWELL STREET SURGERY,2025-11-01 00:00:00,1,5138,4371,128,2408,2261,850.7,2.93
C88027,UPWELL STREET SURGERY,2025-12-01 00:00:00,1,5138,4407,127,2370,2247,857.7,2.88
C88027,UPWELL STREET SURGERY,2026-01-01 00:00:00,1,5138,4885,137,2491,2500,950.8,2.8
C88027,UPWELL STREET SURGERY,2026-02-01 00:00:00,1,5138,4493,144,2371,2281,874.5,3.2
C88027,UPWELL STREET SURGERY,2026-04-01 00:00:00,1,5138,4422,108,2307,2274,860.6,2.44
C88027,UPWELL STREET SURGERY,2026-05-01 00:00:00,1,5138,4117,136,2218,2069,801.3,3.3
C88028,BROOMHILL SURGERY,2025-11-01 00:00:00,9,10109,4130,124,2751,2045,408.5,3.0
C88028,BROOMHILL SURGERY,2025-12-01 00:00:00,9,10109,4271,110,2827,2216,422.5,2.58
C88028,BROOMHILL SURGERY,2026-01-01 00:00:00,9,10109,4476,129,2997,2209,442.8,2.88
C88028,BROOMHILL SURGERY,2026-02-01 00:00:00,9,10109,4455,114,2880,2112,440.7,2.56
C88028,BROOMHILL SURGERY,2026-04-01 00:00:00,9,10109,4232,98,2691,1966,418.6,2.32
C88028,BROOMHILL SURGERY,2026-05-01 00:00:00,9,10109,4012,132,2654,1866,396.9,3.29
C88030,DUKE MEDICAL CENTRE,2025-11-01 00:00:00,3,8232,3426,172,1577,1884,416.2,5.02
C88030,DUKE MEDICAL CENTRE,2025-12-01 00:00:00,3,8232,3927,227,1837,2177,477.0,5.78
C88030,DUKE MEDICAL CENTRE,2026-01-01 00:00:00,3,8232,4094,238,1826,2134,497.3,5.81
C88030,DUKE MEDICAL CENTRE,2026-02-01 00:00:00,3,8232,3748,213,1637,1931,455.3,5.68
C88030,DUKE MEDICAL CENTRE,2026-04-01 00:00:00,3,8232,3860,177,1691,2202,468.9,4.59
C88030,DUKE MEDICAL CENTRE,2026-05-01 00:00:00,3,8232,3664,219,1638,2005,445.1,5.98
C88031,UPPERTHORPE MEDICAL CENTRE,2025-11-01 00:00:00,1,13939,5179,192,3488,1796,371.5,3.71
C88031,UPPERTHORPE MEDICAL CENTRE,2025-12-01 00:00:00,1,13939,5358,217,3620,1992,384.4,4.05
C88031,UPPERTHORPE MEDICAL CENTRE,2026-01-01 00:00:00,1,13939,5391,200,3363,2273,386.8,3.71
C88031,UPPERTHORPE MEDICAL CENTRE,2026-02-01 00:00:00,1,13939,4823,132,3153,1990,346.0,2.74
C88031,UPPERTHORPE MEDICAL CENTRE,2026-04-01 00:00:00,1,13939,5416,170,3746,2058,388.6,3.14
C88031,UPPERTHORPE MEDICAL CENTRE,2026-05-01 00:00:00,1,13939,4887,162,3335,1893,350.6,3.31
C88032,CHARNOCK HEALTH PRIMARY CARE CENTRE,2025-11-01 00:00:00,8,5585,2455,75,2352,1178,439.6,3.05
C88032,CHARNOCK HEALTH PRIMARY CARE CENTRE,2025-12-01 00:00:00,8,5585,2849,93,2709,1424,510.1,3.26
C88032,CHARNOCK HEALTH PRIMARY CARE CENTRE,2026-01-01 00:00:00,8,5585,2802,79,2679,1322,501.7,2.82
C88032,CHARNOCK HEALTH PRIMARY CARE CENTRE,2026-02-01 00:00:00,8,5585,2546,77,2438,1229,455.9,3.02
C88032,CHARNOCK HEALTH PRIMARY CARE CENTRE,2026-04-01 00:00:00,8,5585,2225,74,2210,1084,398.4,3.33
C88032,CHARNOCK HEALTH PRIMARY CARE CENTRE,2026-05-01 00:00:00,8,5585,2196,81,2189,1082,393.2,3.69
C88034,NETHERGREEN SURGERY,2025-11-01 00:00:00,8,9098,3617,84,3130,1253,397.6,2.32
C88034,NETHERGREEN SURGERY,2025-12-01 00:00:00,8,9098,3562,77,3073,1415,391.5,2.16
C88034,NETHERGREEN SURGERY,2026-01-01 00:00:00,8,9098,3786,80,3306,1415,416.1,2.11
C88034,NETHERGREEN SURGERY,2026-02-01 00:00:00,8,9098,3412,64,2947,1243,375.0,1.88
C88034,NETHERGREEN SURGERY,2026-04-01 00:00:00,8,9098,3216,64,2774,1140,353.5,1.99
C88034,NETHERGREEN SURGERY,2026-05-01 00:00:00,8,9098,3116,68,2694,1147,342.5,2.18
C88035,FIRTH PARK SURGERY,2025-11-01 00:00:00,1,10700,3969,341,2458,1854,370.9,8.59
C88035,FIRTH PARK SURGERY,2025-12-01 00:00:00,1,10700,4181,386,2703,1937,390.7,9.23
C88035,FIRTH PARK SURGERY,2026-01-01 00:00:00,1,10700,4146,370,2934,1945,387.5,8.92
C88035,FIRTH PARK SURGERY,2026-02-01 00:00:00,1,10700,4685,351,3609,1581,437.9,7.49
C88035,FIRTH PARK SURGERY,2026-04-01 00:00:00,1,10700,4073,319,2967,1623,380.7,7.83
C88035,FIRTH PARK SURGERY,2026-05-01 00:00:00,1,10700,3851,352,2749,1552,359.9,9.14
C88036,HANDSWORTH MEDICAL PRACTICE,2025-11-01 00:00:00,3,10595,7871,131,3042,3507,742.9,1.66
C88036,HANDSWORTH MEDICAL PRACTICE,2025-12-01 00:00:00,3,10595,7977,114,3218,3716,752.9,1.43
C88036,HANDSWORTH MEDICAL PRACTICE,2026-01-01 00:00:00,3,10595,8604,111,3389,3937,812.1,1.29
C88036,HANDSWORTH MEDICAL PRACTICE,2026-02-01 00:00:00,3,10595,8111,143,3328,3541,765.5,1.76
C88036,HANDSWORTH MEDICAL PRACTICE,2026-04-01 00:00:00,3,10595,8658,140,3469,3943,817.2,1.62
C88036,HANDSWORTH MEDICAL PRACTICE,2026-05-01 00:00:00,3,10595,7929,122,2976,3689,748.4,1.54
C88037,STEEL CITY GENERAL PRACTICE,2025-11-01 00:00:00,9,14397,6802,295,4313,2245,472.5,4.34
C88037,STEEL CITY GENERAL PRACTICE,2025-12-01 00:00:00,9,14397,7128,290,4299,2547,495.1,4.07
C88037,STEEL CITY GENERAL PRACTICE,2026-01-01 00:00:00,9,14397,7433,277,5559,3629,516.3,3.73
C88037,STEEL CITY GENERAL PRACTICE,2026-02-01 00:00:00,9,14397,8014,358,5826,3865,556.6,4.47
C88037,STEEL CITY GENERAL PRACTICE,2026-04-01 00:00:00,9,14397,8990,310,5248,5201,624.4,3.45
C88037,STEEL CITY GENERAL PRACTICE,2026-05-01 00:00:00,9,14397,8995,338,5343,5153,624.8,3.76
C88038,THE MATHEWS PRACTICE BELGRAVE,2025-11-01 00:00:00,4,5942,2841,147,1387,1407,478.1,5.17
C88038,THE MATHEWS PRACTICE BELGRAVE,2025-12-01 00:00:00,4,5942,2419,122,994,1430,407.1,5.04
C88038,THE MATHEWS PRACTICE BELGRAVE,2026-01-01 00:00:00,4,5942,2748,143,1249,1550,462.5,5.2
C88038,THE MATHEWS PRACTICE BELGRAVE,2026-02-01 00:00:00,4,5942,2724,158,1344,1425,458.4,5.8
C88038,THE MATHEWS PRACTICE BELGRAVE,2026-04-01 00:00:00,4,5942,2534,147,1197,1410,426.5,5.8
C88038,THE MATHEWS PRACTICE BELGRAVE,2026-05-01 00:00:00,4,5942,2423,118,1225,1350,407.8,4.87
C88039,ECCLESFIELD GROUP PRACT,2025-11-01 00:00:00,7,8942,5702,172,3122,2124,637.7,3.02
C88039,ECCLESFIELD GROUP PRACT,2025-12-01 00:00:00,7,8942,6050,193,3235,2390,676.6,3.19
C88039,ECCLESFIELD GROUP PRACT,2026-01-01 00:00:00,7,8942,5941,182,3242,2321,664.4,3.06
C88039,ECCLESFIELD GROUP PRACT,2026-02-01 00:00:00,7,8942,5564,189,2997,2037,622.2,3.4
C88039,ECCLESFIELD GROUP PRACT,2026-04-01 00:00:00,7,8942,5180,165,2744,1938,579.3,3.19
C88039,ECCLESFIELD GROUP PRACT,2026-05-01 00:00:00,7,8942,5121,208,2802,1982,572.7,4.06
C88040,OUGHTIBRIDGE SURGERY,2025-11-01 00:00:00,6,6125,2319,60,1922,672,378.6,2.59
C88040,OUGHTIBRIDGE SURGERY,2025-12-01 00:00:00,6,6125,2334,69,1986,748,381.1,2.96
C88040,OUGHTIBRIDGE SURGERY,2026-01-01 00:00:00,6,6125,2645,55,2175,923,431.8,2.08
C88040,OUGHTIBRIDGE SURGERY,2026-02-01 00:00:00,6,6125,2463,65,1971,815,402.1,2.64
C88040,OUGHTIBRIDGE SURGERY,2026-04-01 00:00:00,6,6125,2266,88,1944,642,370.0,3.88
C88040,OUGHTIBRIDGE SURGERY,2026-05-01 00:00:00,6,6125,2097,70,1807,624,342.4,3.34
C88041,WOODSEATS MEDICAL CENTRE,2025-11-01 00:00:00,7,12938,11287,193,5648,6502,872.4,1.71
C88041,WOODSEATS MEDICAL CENTRE,2025-12-01 00:00:00,7,12938,11820,197,5723,7374,913.6,1.67
C88041,WOODSEATS MEDICAL CENTRE,2026-01-01 00:00:00,7,12938,12101,221,6146,7418,935.3,1.83
C88041,WOODSEATS MEDICAL CENTRE,2026-02-01 00:00:00,7,12938,10962,215,5479,6413,847.3,1.96
C88041,WOODSEATS MEDICAL CENTRE,2026-04-01 00:00:00,7,12938,11343,176,5245,7137,876.7,1.55
C88041,WOODSEATS MEDICAL CENTRE,2026-05-01 00:00:00,7,12938,9448,100,4636,5871,730.3,1.06
C88043,TRAMWAYS AND MIDDLEWOOD MEDICAL CENTRES,2025-11-01 00:00:00,9,11007,10919,131,9980,4743,992.0,1.2
C88043,TRAMWAYS AND MIDDLEWOOD MEDICAL CENTRES,2025-12-01 00:00:00,9,11007,11992,182,11115,5117,1089.5,1.52
C88043,TRAMWAYS AND MIDDLEWOOD MEDICAL CENTRES,2026-01-01 00:00:00,9,11007,11702,109,10785,5148,1063.1,0.93
C88043,TRAMWAYS AND MIDDLEWOOD MEDICAL CENTRES,2026-02-01 00:00:00,9,11007,11587,132,10717,4696,1052.7,1.14
C88043,TRAMWAYS AND MIDDLEWOOD MEDICAL CENTRES,2026-04-01 00:00:00,9,11007,11204,149,10284,4430,1017.9,1.33
C88043,TRAMWAYS AND MIDDLEWOOD MEDICAL CENTRES,2026-05-01 00:00:00,9,11007,10460,141,9648,4272,950.3,1.35
C88044,MANCHESTER ROAD SURGERY,2025-11-01 00:00:00,10,5407,3379,51,1604,1898,624.9,1.51
C88044,MANCHESTER ROAD SURGERY,2025-12-01 00:00:00,10,5407,3564,52,1637,2072,659.1,1.46
C88044,MANCHESTER ROAD SURGERY,2026-01-01 00:00:00,10,5407,3734,64,1687,2173,690.6,1.71
C88044,MANCHESTER ROAD SURGERY,2026-02-01 00:00:00,10,5407,3706,50,1556,2189,685.4,1.35
C88044,MANCHESTER ROAD SURGERY,2026-04-01 00:00:00,10,5407,3734,66,1729,2269,690.6,1.77
C88044,MANCHESTER ROAD SURGERY,2026-05-01 00:00:00,10,5407,3435,74,1586,2079,635.3,2.15
C88045,DYKES HALL MEDICAL CENTRE,2025-11-01 00:00:00,7,8801,6110,119,4334,1640,694.2,1.95
C88045,DYKES HALL MEDICAL CENTRE,2025-12-01 00:00:00,7,8801,6005,155,4282,1871,682.3,2.58
C88045,DYKES HALL MEDICAL CENTRE,2026-01-01 00:00:00,7,8801,6603,153,4923,1948,750.3,2.32
C88045,DYKES HALL MEDICAL CENTRE,2026-02-01 00:00:00,7,8801,6170,128,4360,1749,701.1,2.07
C88045,DYKES HALL MEDICAL CENTRE,2026-04-01 00:00:00,7,8801,6142,140,4345,1943,697.9,2.28
C88045,DYKES HALL MEDICAL CENTRE,2026-05-01 00:00:00,7,8801,5853,148,4310,1770,665.0,2.53
C88046,BEAUCHIEF MEDICAL PRACTICE,2025-11-01 00:00:00,7,6915,4099,58,2188,2118,592.8,1.41
C88046,BEAUCHIEF MEDICAL PRACTICE,2025-12-01 00:00:00,7,6915,4414,63,2377,2375,638.3,1.43
C88046,BEAUCHIEF MEDICAL PRACTICE,2026-01-01 00:00:00,7,6915,4129,49,2030,2351,597.1,1.19
C88046,BEAUCHIEF MEDICAL PRACTICE,2026-02-01 00:00:00,7,6915,3877,66,1918,2081,560.7,1.7
C88046,BEAUCHIEF MEDICAL PRACTICE,2026-04-01 00:00:00,7,6915,4439,67,1721,2499,641.9,1.51
C88046,BEAUCHIEF MEDICAL PRACTICE,2026-05-01 00:00:00,7,6915,4507,62,1432,2877,651.8,1.38
C88047,WINCOBANK MEDICAL CENTRE,2025-11-01 00:00:00,3,7673,4146,134,3335,1761,540.3,3.23
C88047,WINCOBANK MEDICAL CENTRE,2025-12-01 00:00:00,3,7673,3994,112,3291,1671,520.5,2.8
C88047,WINCOBANK MEDICAL CENTRE,2026-01-01 00:00:00,3,7673,4099,110,3385,1847,534.2,2.68
C88047,WINCOBANK MEDICAL CENTRE,2026-02-01 00:00:00,3,7673,3887,109,3253,1642,506.6,2.8
C88047,WINCOBANK MEDICAL CENTRE,2026-04-01 00:00:00,3,7673,4079,134,3322,1887,531.6,3.29
C88047,WINCOBANK MEDICAL CENTRE,2026-05-01 00:00:00,3,7673,3648,93,3013,1829,475.4,2.55
C88048,BURNGREAVE SURGERY,2025-11-01 00:00:00,3,8108,4107,241,1888,1737,506.5,5.87
C88048,BURNGREAVE SURGERY,2025-12-01 00:00:00,3,8108,4079,271,1991,1753,503.1,6.64
C88048,BURNGREAVE SURGERY,2026-01-01 00:00:00,3,8108,4260,290,1976,1848,525.4,6.81
C88048,BURNGREAVE SURGERY,2026-02-01 00:00:00,3,8108,4087,302,1919,1665,504.1,7.39
C88048,BURNGREAVE SURGERY,2026-04-01 00:00:00,3,8108,4113,335,1916,1711,507.3,8.14
C88048,BURNGREAVE SURGERY,2026-05-01 00:00:00,3,8108,3516,274,1839,1404,433.6,7.79
C88049,ELM LANE SURGERY,2025-11-01 00:00:00,3,5968,3344,117,1981,1299,560.3,3.5
C88049,ELM LANE SURGERY,2025-12-01 00:00:00,3,5968,3514,113,2035,1441,588.8,3.22
C88049,ELM LANE SURGERY,2026-01-01 00:00:00,3,5968,3190,147,1763,1262,534.5,4.61
C88049,ELM LANE SURGERY,2026-02-01 00:00:00,3,5968,3086,124,1644,1292,517.1,4.02
C88049,ELM LANE SURGERY,2026-04-01 00:00:00,3,5968,3308,114,1952,1280,554.3,3.45
C88049,ELM LANE SURGERY,2026-05-01 00:00:00,3,5968,2888,75,1595,1226,483.9,2.6
C88050,JAUNTY SPRINGS HEALTH CENTRE,2025-11-01 00:00:00,2,3501,1896,92,1773,857,541.6,4.85
C88050,JAUNTY SPRINGS HEALTH CENTRE,2025-12-01 00:00:00,2,3501,1905,108,1793,1018,544.1,5.67
C88050,JAUNTY SPRINGS HEALTH CENTRE,2026-01-01 00:00:00,2,3501,2183,102,2076,1246,623.5,4.67
C88050,JAUNTY SPRINGS HEALTH CENTRE,2026-02-01 00:00:00,2,3501,1891,101,1776,912,540.1,5.34
C88050,JAUNTY SPRINGS HEALTH CENTRE,2026-04-01 00:00:00,2,3501,2149,96,2011,984,613.8,4.47
C88050,JAUNTY SPRINGS HEALTH CENTRE,2026-05-01 00:00:00,2,3501,1990,102,1859,1064,568.4,5.13
C88051,PAGE HALL MEDICAL CENTRE,2025-11-01 00:00:00,1,7900,4138,147,1377,1516,523.8,3.55
C88051,PAGE HALL MEDICAL CENTRE,2025-12-01 00:00:00,1,7900,3984,175,1344,1256,504.3,4.39
C88051,PAGE HALL MEDICAL CENTRE,2026-01-01 00:00:00,1,7900,4229,145,1413,1363,535.3,3.43
C88051,PAGE HALL MEDICAL CENTRE,2026-02-01 00:00:00,1,7900,4270,150,1506,1179,540.5,3.51
C88051,PAGE HALL MEDICAL CENTRE,2026-04-01 00:00:00,1,7900,3669,108,1186,1150,464.4,2.94
C88051,PAGE HALL MEDICAL CENTRE,2026-05-01 00:00:00,1,7900,3061,134,1072,910,387.5,4.38
C88052,HOLLIES MEDICAL CENTRE,2025-11-01 00:00:00,8,11027,7616,109,3837,4049,690.7,1.43
C88052,HOLLIES MEDICAL CENTRE,2025-12-01 00:00:00,8,11027,8025,88,4153,4133,727.8,1.1
C88052,HOLLIES MEDICAL CENTRE,2026-01-01 00:00:00,8,11027,8315,105,4517,4462,754.1,1.26
C88052,HOLLIES MEDICAL CENTRE,2026-02-01 00:00:00,8,11027,7422,61,3913,4069,673.1,0.82
C88052,HOLLIES MEDICAL CENTRE,2026-04-01 00:00:00,8,11027,8042,81,4192,4227,729.3,1.01
C88052,HOLLIES MEDICAL CENTRE,2026-05-01 00:00:00,8,11027,7539,71,3746,3983,683.7,0.94
C88053,FALKLAND HOUSE SURGERY,2025-11-01 00:00:00,10,3967,1744,11,648,717,439.6,0.63
C88053,FALKLAND HOUSE SURGERY,2025-12-01 00:00:00,10,3967,1569,21,573,669,395.5,1.34
C88053,FALKLAND HOUSE SURGERY,2026-01-01 00:00:00,10,3967,1750,15,678,733,441.1,0.86
C88053,FALKLAND HOUSE SURGERY,2026-02-01 00:00:00,10,3967,1775,15,702,656,447.4,0.85
C88053,FALKLAND HOUSE SURGERY,2026-04-01 00:00:00,10,3967,1699,24,619,662,428.3,1.41
C88053,FALKLAND HOUSE SURGERY,2026-05-01 00:00:00,10,3967,1423,10,475,602,358.7,0.7
C88054,GRENOSIDE SURGERY,2025-11-01 00:00:00,8,7774,3534,88,2299,1101,454.6,2.49
C88054,GRENOSIDE SURGERY,2025-12-01 00:00:00,8,7774,3701,99,2264,1292,476.1,2.67
C88054,GRENOSIDE SURGERY,2026-01-01 00:00:00,8,7774,3505,78,2215,1116,450.9,2.23
C88054,GRENOSIDE SURGERY,2026-02-01 00:00:00,8,7774,3469,97,2080,1073,446.2,2.8
C88054,GRENOSIDE SURGERY,2026-04-01 00:00:00,8,7774,3414,78,2103,1037,439.2,2.28
C88054,GRENOSIDE SURGERY,2026-05-01 00:00:00,8,7774,3215,93,1862,985,413.6,2.89
C88059,HAROLD STREET MEDICAL CENTRE,2025-11-01 00:00:00,1,2519,1320,172,683,495,524.0,13.03
C88059,HAROLD STREET MEDICAL CENTRE,2025-12-01 00:00:00,1,2519,1286,202,677,477,510.5,15.71
C88059,HAROLD STREET MEDICAL CENTRE,2026-01-01 00:00:00,1,2519,1234,184,622,531,489.9,14.91
C88059,HAROLD STREET MEDICAL CENTRE,2026-02-01 00:00:00,1,2519,1210,165,621,467,480.3,13.64
C88059,HAROLD STREET MEDICAL CENTRE,2026-04-01 00:00:00,1,2519,1084,157,548,444,430.3,14.48
C88059,HAROLD STREET MEDICAL CENTRE,2026-05-01 00:00:00,1,2519,1061,176,533,413,421.2,16.59
C88060,SHARROW LANE MEDICAL CENTRE,2025-11-01 00:00:00,2,4968,1869,118,1778,861,376.2,6.31
C88060,SHARROW LANE MEDICAL CENTRE,2025-12-01 00:00:00,2,4968,1749,104,1689,852,352.1,5.95
C88060,SHARROW LANE MEDICAL CENTRE,2026-01-01 00:00:00,2,4968,1878,101,1767,935,378.0,5.38
C88060,SHARROW LANE MEDICAL CENTRE,2026-02-01 00:00:00,2,4968,1867,97,1783,851,375.8,5.2
C88060,SHARROW LANE MEDICAL CENTRE,2026-04-01 00:00:00,2,4968,1673,90,1629,736,336.8,5.38
C88060,SHARROW LANE MEDICAL CENTRE,2026-05-01 00:00:00,2,4968,1573,78,1517,661,316.6,4.96
C88062,RUSTLINGS ROAD MEDICAL CENTRE,2025-11-01 00:00:00,8,4576,1379,37,766,380,301.4,2.68
C88062,RUSTLINGS ROAD MEDICAL CENTRE,2025-12-01 00:00:00,8,4576,1509,42,831,423,329.8,2.78
C88062,RUSTLINGS ROAD MEDICAL CENTRE,2026-01-01 00:00:00,8,4576,1536,41,808,413,335.7,2.67
C88062,RUSTLINGS ROAD MEDICAL CENTRE,2026-02-01 00:00:00,8,4576,1394,35,817,385,304.6,2.51
C88062,RUSTLINGS ROAD MEDICAL CENTRE,2026-04-01 00:00:00,8,4576,1287,40,675,369,281.3,3.11
C88062,RUSTLINGS ROAD MEDICAL CENTRE,2026-05-01 00:00:00,8,4576,1119,19,562,335,244.5,1.7
C88069,CLOVER GROUP PRACTICE,2025-11-01 00:00:00,2,15807,10158,938,5542,4903,642.6,9.23
C88069,CLOVER GROUP PRACTICE,2025-12-01 00:00:00,2,15807,11297,1244,5790,5660,714.7,11.01
C88069,CLOVER GROUP PRACTICE,2026-01-01 00:00:00,2,15807,11611,1237,5944,6037,734.5,10.65
C88069,CLOVER GROUP PRACTICE,2026-02-01 00:00:00,2,15807,10954,1112,5519,5715,693.0,10.15
C88069,CLOVER GROUP PRACTICE,2026-04-01 00:00:00,2,15807,10328,1376,5412,5312,653.4,13.32
C88069,CLOVER GROUP PRACTICE,2026-05-01 00:00:00,2,15807,9285,1460,5123,4789,587.4,15.72
C88070,SHIREGREEN MEDICAL CENTRE,2025-11-01 00:00:00,2,7930,3758,265,2312,1534,473.9,7.05
C88070,SHIREGREEN MEDICAL CENTRE,2025-12-01 00:00:00,2,7930,3979,290,2586,1498,501.8,7.29
C88070,SHIREGREEN MEDICAL CENTRE,2026-01-01 00:00:00,2,7930,4276,286,2793,1526,539.2,6.69
C88070,SHIREGREEN MEDICAL CENTRE,2026-02-01 00:00:00,2,7930,4019,271,2552,1408,506.8,6.74
C88070,SHIREGREEN MEDICAL CENTRE,2026-04-01 00:00:00,2,7930,3535,213,2218,1354,445.8,6.03
C88070,SHIREGREEN MEDICAL CENTRE,2026-05-01 00:00:00,2,7930,3626,230,2391,1370,457.3,6.34
C88072,WOODHOUSE MEDICAL CENTRE,2025-11-01 00:00:00,1,11918,7541,195,2802,2769,632.7,2.59
C88072,WOODHOUSE MEDICAL CENTRE,2025-12-01 00:00:00,1,11918,7508,181,2532,2700,630.0,2.41
C88072,WOODHOUSE MEDICAL CENTRE,2026-01-01 00:00:00,1,11918,8024,194,2952,3173,673.3,2.42
C88072,WOODHOUSE MEDICAL CENTRE,2026-02-01 00:00:00,1,11918,7264,161,2726,2617,609.5,2.22
C88072,WOODHOUSE MEDICAL CENTRE,2026-04-01 00:00:00,1,11918,7524,189,2929,2581,631.3,2.51
C88072,WOODHOUSE MEDICAL CENTRE,2026-05-01 00:00:00,1,11918,6867,134,2395,2199,576.2,1.95
C88073,HEELEY GREEN SURGERY,2025-11-01 00:00:00,3,5234,3214,214,1785,1600,614.1,6.66
C88073,HEELEY GREEN SURGERY,2025-12-01 00:00:00,3,5234,3087,275,1639,1629,589.8,8.91
C88073,HEELEY GREEN SURGERY,2026-01-01 00:00:00,3,5234,3213,282,1890,1559,613.9,8.78
C88073,HEELEY GREEN SURGERY,2026-02-01 00:00:00,3,5234,3121,206,1768,1490,596.3,6.6
C88073,HEELEY GREEN SURGERY,2026-04-01 00:00:00,3,5234,2586,226,1634,1240,494.1,8.74
C88073,HEELEY GREEN SURGERY,2026-05-01 00:00:00,3,5234,2567,227,1561,1177,490.4,8.84
C88074,DEEPCAR MEDICAL CENTRE,2025-11-01 00:00:00,6,5170,2423,109,1598,1009,468.7,4.5
C88074,DEEPCAR MEDICAL CENTRE,2025-12-01 00:00:00,6,5170,2291,106,1586,950,443.1,4.63
C88074,DEEPCAR MEDICAL CENTRE,2026-01-01 00:00:00,6,5170,2486,89,1598,1128,480.9,3.58
C88074,DEEPCAR MEDICAL CENTRE,2026-02-01 00:00:00,6,5170,2327,98,1471,915,450.1,4.21
C88074,DEEPCAR MEDICAL CENTRE,2026-04-01 00:00:00,6,5170,2396,101,1485,1071,463.4,4.22
C88074,DEEPCAR MEDICAL CENTRE,2026-05-01 00:00:00,6,5170,3058,117,1209,1755,591.5,3.83
C88076,DEVONSHIRE GREEN MEDICAL CENTRE,2025-11-01 00:00:00,5,9323,3708,167,2410,2106,397.7,4.5
C88076,DEVONSHIRE GREEN MEDICAL CENTRE,2025-12-01 00:00:00,5,9323,3432,170,2146,2018,368.1,4.95
C88076,DEVONSHIRE GREEN MEDICAL CENTRE,2026-01-01 00:00:00,5,9323,3850,192,2435,2270,413.0,4.99
C88076,DEVONSHIRE GREEN MEDICAL CENTRE,2026-02-01 00:00:00,5,9323,3629,214,2298,2160,389.3,5.9
C88076,DEVONSHIRE GREEN MEDICAL CENTRE,2026-04-01 00:00:00,5,9323,3894,164,2389,2276,417.7,4.21
C88076,DEVONSHIRE GREEN MEDICAL CENTRE,2026-05-01 00:00:00,5,9323,3332,161,2119,1850,357.4,4.83
C88077,GREEN CROSS GROUP PRACTICE,2025-11-01 00:00:00,1,7856,5005,396,2933,2640,637.1,7.91
C88077,GREEN CROSS GROUP PRACTICE,2025-12-01 00:00:00,1,7856,5043,245,2852,2730,641.9,4.86
C88077,GREEN CROSS GROUP PRACTICE,2026-01-01 00:00:00,1,7856,5663,460,3186,2893,720.9,8.12
C88077,GREEN CROSS GROUP PRACTICE,2026-02-01 00:00:00,1,7856,5268,345,2949,2776,670.6,6.55
C88077,GREEN CROSS GROUP PRACTICE,2026-04-01 00:00:00,1,7856,4916,362,2813,2620,625.8,7.36
C88077,GREEN CROSS GROUP PRACTICE,2026-05-01 00:00:00,1,7856,4669,328,2683,2404,594.3,7.03
C88078,MOSBOROUGH HEALTH CENTRE,2025-11-01 00:00:00,7,7123,4485,90,2870,2616,629.7,2.01
C88078,MOSBOROUGH HEALTH CENTRE,2025-12-01 00:00:00,7,7123,4519,105,2827,2753,634.4,2.32
C88078,MOSBOROUGH HEALTH CENTRE,2026-01-01 00:00:00,7,7123,5121,71,3431,3221,718.9,1.39
C88078,MOSBOROUGH HEALTH CENTRE,2026-02-01 00:00:00,7,7123,4666,62,3086,3015,655.1,1.33
C88078,MOSBOROUGH HEALTH CENTRE,2026-04-01 00:00:00,7,7123,5221,72,3409,3400,733.0,1.38
C88078,MOSBOROUGH HEALTH CENTRE,2026-05-01 00:00:00,7,7123,4746,82,3035,3161,666.3,1.73
C88079,CROOKES PRACTICE,2025-11-01 00:00:00,9,8369,3157,78,1945,1432,377.2,2.47
C88079,CROOKES PRACTICE,2025-12-01 00:00:00,9,8369,2993,64,1779,1308,357.6,2.14
C88079,CROOKES PRACTICE,2026-01-01 00:00:00,9,8369,3266,97,2051,1350,390.2,2.97
C88079,CROOKES PRACTICE,2026-02-01 00:00:00,9,8369,3088,75,1851,1350,369.0,2.43
C88079,CROOKES PRACTICE,2026-04-01 00:00:00,9,8369,3197,80,1998,1380,382.0,2.5
C88079,CROOKES PRACTICE,2026-05-01 00:00:00,9,8369,2454,72,1550,1073,293.2,2.93
C88082,CARRFIELD MEDICAL CENTRE,2025-11-01 00:00:00,2,6432,4253,249,1237,2398,661.2,5.85
C88082,CARRFIELD MEDICAL CENTRE,2025-12-01 00:00:00,2,6432,4134,267,1340,2080,642.7,6.46
C88082,CARRFIELD MEDICAL CENTRE,2026-01-01 00:00:00,2,6432,2359,243,1193,437,366.8,10.3
C88082,CARRFIELD MEDICAL CENTRE,2026-02-01 00:00:00,2,6432,2640,261,1417,419,410.4,9.89
C88082,CARRFIELD MEDICAL CENTRE,2026-04-01 00:00:00,2,6432,3894,211,1206,1979,605.4,5.42
C88082,CARRFIELD MEDICAL CENTRE,2026-05-01 00:00:00,2,6432,3695,187,1173,1846,574.5,5.06
C88083,SELBORNE ROAD MEDICAL CENTRE,2025-11-01 00:00:00,9,2355,1357,20,709,556,576.2,1.47
C88083,SELBORNE ROAD MEDICAL CENTRE,2025-12-01 00:00:00,9,2355,1338,26,664,616,568.2,1.94
C88083,SELBORNE ROAD MEDICAL CENTRE,2026-01-01 00:00:00,9,2355,1434,18,733,599,608.9,1.26
C88083,SELBORNE ROAD MEDICAL CENTRE,2026-02-01 00:00:00,9,2355,1304,22,722,500,553.7,1.69
C88083,SELBORNE ROAD MEDICAL CENTRE,2026-04-01 00:00:00,9,2355,1300,24,781,484,552.0,1.85
C88083,SELBORNE ROAD MEDICAL CENTRE,2026-05-01 00:00:00,9,2355,1288,19,720,539,546.9,1.48
C88084,CLOVER NORTH DARNALL HEALTH CENTRE,2025-11-01 00:00:00,1,3076,1830,139,1060,820,594.9,7.6
C88084,CLOVER NORTH DARNALL HEALTH CENTRE,2025-12-01 00:00:00,1,3076,1995,176,1110,898,648.6,8.82
C88084,CLOVER NORTH DARNALL HEALTH CENTRE,2026-01-01 00:00:00,1,3076,1830,171,995,895,594.9,9.34
C88084,CLOVER NORTH DARNALL HEALTH CENTRE,2026-02-01 00:00:00,1,3076,1722,158,954,832,559.8,9.18
C88084,CLOVER NORTH DARNALL HEALTH CENTRE,2026-04-01 00:00:00,1,3076,1620,112,880,765,526.7,6.91
C88084,CLOVER NORTH DARNALL HEALTH CENTRE,2026-05-01 00:00:00,1,3076,1635,104,961,734,531.5,6.36
C88085,RICHMOND MEDICAL CENTRE,2025-11-01 00:00:00,1,9727,5015,158,3097,2746,515.6,3.15
C88085,RICHMOND MEDICAL CENTRE,2025-12-01 00:00:00,1,9727,5266,189,3249,2996,541.4,3.59
C88085,RICHMOND MEDICAL CENTRE,2026-01-01 00:00:00,1,9727,6048,196,3599,3385,621.8,3.24
C88085,RICHMOND MEDICAL CENTRE,2026-02-01 00:00:00,1,9727,5521,170,3419,2909,567.6,3.08
C88085,RICHMOND MEDICAL CENTRE,2026-04-01 00:00:00,1,9727,5340,166,3201,2898,549.0,3.11
C88085,RICHMOND MEDICAL CENTRE,2026-05-01 00:00:00,1,9727,5285,173,3104,2823,543.3,3.27
C88086,SOUTHEY GREEN MEDICAL CTR,2025-11-01 00:00:00,1,2600,782,38,550,414,300.8,4.86
C88086,SOUTHEY GREEN MEDICAL CTR,2025-12-01 00:00:00,1,2600,861,50,691,447,331.2,5.81
C88086,SOUTHEY GREEN MEDICAL CTR,2026-01-01 00:00:00,1,2600,720,32,520,423,276.9,4.44
C88086,SOUTHEY GREEN MEDICAL CTR,2026-02-01 00:00:00,1,2600,781,33,599,415,300.4,4.23
C88086,SOUTHEY GREEN MEDICAL CTR,2026-04-01 00:00:00,1,2600,861,42,806,419,331.2,4.88
C88086,SOUTHEY GREEN MEDICAL CTR,2026-05-01 00:00:00,1,2600,701,28,665,391,269.6,3.99
C88087,DOVERCOURT GROUP PRACTICE,2025-11-01 00:00:00,1,9436,7549,313,6429,2954,800.0,4.15
C88087,DOVERCOURT GROUP PRACTICE,2025-12-01 00:00:00,1,9436,7679,311,6503,3119,813.8,4.05
C88087,DOVERCOURT GROUP PRACTICE,2026-01-01 00:00:00,1,9436,7691,341,6479,3218,815.1,4.43
C88087,DOVERCOURT GROUP PRACTICE,2026-02-01 00:00:00,1,9436,7504,352,6349,3233,795.3,4.69
C88087,DOVERCOURT GROUP PRACTICE,2026-04-01 00:00:00,1,9436,7885,373,6549,3370,835.6,4.73
C88087,DOVERCOURT GROUP PRACTICE,2026-05-01 00:00:00,1,9436,7323,310,6197,3060,776.1,4.23
C88088,EAST BANK MEDICAL CENTRE,2025-11-01 00:00:00,1,7651,5702,310,2801,3044,745.3,5.44
C88088,EAST BANK MEDICAL CENTRE,2025-12-01 00:00:00,1,7651,5611,295,2587,3191,733.4,5.26
C88088,EAST BANK MEDICAL CENTRE,2026-01-01 00:00:00,1,7651,5990,263,2779,3392,782.9,4.39
C88088,EAST BANK MEDICAL CENTRE,2026-02-01 00:00:00,1,7651,5843,266,2749,3216,763.7,4.55
C88088,EAST BANK MEDICAL CENTRE,2026-04-01 00:00:00,1,7651,5743,261,2665,3203,750.6,4.54
C88088,EAST BANK MEDICAL CENTRE,2026-05-01 00:00:00,1,7651,5394,270,2440,3043,705.0,5.01
C88090,MANOR AND PARK GROUP PRACTICE,2025-11-01 00:00:00,1,8022,6741,218,2896,3934,840.3,3.23
C88090,MANOR AND PARK GROUP PRACTICE,2025-12-01 00:00:00,1,8022,6550,201,2843,3871,816.5,3.07
C88090,MANOR AND PARK GROUP PRACTICE,2026-01-01 00:00:00,1,8022,7361,317,3289,4360,917.6,4.31
C88090,MANOR AND PARK GROUP PRACTICE,2026-02-01 00:00:00,1,8022,7058,298,3074,3985,879.8,4.22
C88090,MANOR AND PARK GROUP PRACTICE,2026-04-01 00:00:00,1,8022,7053,276,2927,4321,879.2,3.91
C88090,MANOR AND PARK GROUP PRACTICE,2026-05-01 00:00:00,1,8022,6321,287,2522,3962,788.0,4.54
C88091,BARNSLEY ROAD SURGERY,2025-11-01 00:00:00,2,2304,1160,86,1160,627,503.5,7.41
C88091,BARNSLEY ROAD SURGERY,2025-12-01 00:00:00,2,2304,1098,85,1097,572,476.6,7.74
C88091,BARNSLEY ROAD SURGERY,2026-01-01 00:00:00,2,2304,1085,92,1085,542,470.9,8.48
C88091,BARNSLEY ROAD SURGERY,2026-02-01 00:00:00,2,2304,1031,64,1031,559,447.5,6.21
C88091,BARNSLEY ROAD SURGERY,2026-04-01 00:00:00,2,2304,1109,49,510,610,481.3,4.42
C88091,BARNSLEY ROAD SURGERY,2026-05-01 00:00:00,2,2304,1109,48,513,638,481.3,4.33
C88092,VALLEY MEDICAL CENTRE,2025-11-01 00:00:00,6,9581,5513,232,4922,2405,575.4,4.21
C88092,VALLEY MEDICAL CENTRE,2025-12-01 00:00:00,6,9581,4909,172,4357,2219,512.4,3.5
C88092,VALLEY MEDICAL CENTRE,2026-01-01 00:00:00,6,9581,5891,186,5210,2845,614.9,3.16
C88092,VALLEY MEDICAL CENTRE,2026-02-01 00:00:00,6,9581,5916,155,5201,2864,617.5,2.62
C88092,VALLEY MEDICAL CENTRE,2026-04-01 00:00:00,6,9581,4684,130,4127,2160,488.9,2.78
C88092,VALLEY MEDICAL CENTRE,2026-05-01 00:00:00,6,9581,4306,154,3824,1959,449.4,3.58
C88095,MILL ROAD SURGERY,2025-11-01 00:00:00,7,5524,3361,60,1592,1504,608.4,1.79
C88095,MILL ROAD SURGERY,2025-12-01 00:00:00,7,5524,3507,69,1649,1763,634.9,1.97
C88095,MILL ROAD SURGERY,2026-01-01 00:00:00,7,5524,3852,72,1712,2054,697.3,1.87
C88095,MILL ROAD SURGERY,2026-02-01 00:00:00,7,5524,3851,71,1776,2033,697.1,1.84
C88095,MILL ROAD SURGERY,2026-04-01 00:00:00,7,5524,3576,73,1573,1890,647.4,2.04
C88095,MILL ROAD SURGERY,2026-05-01 00:00:00,7,5524,3490,81,1573,1845,631.8,2.32
C88622,SHEFFIELD MEDICAL CENTRE,2025-11-01 00:00:00,3,2927,877,70,646,101,299.6,7.98
C88622,SHEFFIELD MEDICAL CENTRE,2025-12-01 00:00:00,3,2927,997,83,737,163,340.6,8.32
C88622,SHEFFIELD MEDICAL CENTRE,2026-01-01 00:00:00,3,2927,984,90,736,122,336.2,9.15
C88622,SHEFFIELD MEDICAL CENTRE,2026-02-01 00:00:00,3,2927,913,70,678,124,311.9,7.67
C88622,SHEFFIELD MEDICAL CENTRE,2026-04-01 00:00:00,3,2927,1008,85,835,123,344.4,8.43
C88622,SHEFFIELD MEDICAL CENTRE,2026-05-01 00:00:00,3,2927,839,75,702,120,286.6,8.94
C88627,UNIVERSITY HEALTH SERVICE HEALTH CENTRE,2025-11-01 00:00:00,5,33116,8900,405,4112,4969,268.8,4.55
C88627,UNIVERSITY HEALTH SERVICE HEALTH CENTRE,2025-12-01 00:00:00,5,33116,8065,415,3448,4374,243.5,5.15
C88627,UNIVERSITY HEALTH SERVICE HEALTH CENTRE,2026-01-01 00:00:00,5,33116,8621,386,3869,4833,260.3,4.48
C88627,UNIVERSITY HEALTH SERVICE HEALTH CENTRE,2026-02-01 00:00:00,5,33116,9354,387,4020,5244,282.5,4.14
C88627,UNIVERSITY HEALTH SERVICE HEALTH CENTRE,2026-04-01 00:00:00,5,33116,8618,373,3358,5006,260.2,4.33
C88627,UNIVERSITY HEALTH SERVICE HEALTH CENTRE,2026-05-01 00:00:00,5,33116,8502,438,3756,4678,256.7,5.15
C88631,VERITAS HEALTH CENTRE,2025-11-01 00:00:00,5,1377,728,61,311,442,528.7,8.38
C88631,VERITAS HEALTH CENTRE,2025-12-01 00:00:00,5,1377,696,35,247,511,505.4,5.03
C88631,VERITAS HEALTH CENTRE,2026-01-01 00:00:00,5,1377,645,37,288,460,468.4,5.74
C88631,VERITAS HEALTH CENTRE,2026-02-01 00:00:00,5,1377,606,18,210,446,440.1,2.97
C88631,VERITAS HEALTH CENTRE,2026-04-01 00:00:00,5,1377,648,24,221,470,470.6,3.7
C88631,VERITAS HEALTH CENTRE,2026-05-01 00:00:00,5,1377,570,21,185,438,413.9,3.68
C88647,THE THORPE PRACTICE,2025-11-01 00:00:00,6,10586,7035,130,3478,3809,664.6,1.85
C88647,THE THORPE PRACTICE,2025-12-01 00:00:00,6,10586,6780,118,3309,3835,640.5,1.74
C88647,THE THORPE PRACTICE,2026-01-01 00:00:00,6,10586,7716,171,3825,4358,728.9,2.22
C88647,THE THORPE PRACTICE,2026-02-01 00:00:00,6,10586,7380,168,3791,4075,697.1,2.28
C88647,THE THORPE PRACTICE,2026-04-01 00:00:00,6,10586,7263,151,3235,3966,686.1,2.08
C88647,THE THORPE PRACTICE,2026-05-01 00:00:00,6,10586,7189,135,3308,3964,679.1,1.88
C88648,CRYSTAL PEAKS MEDICAL CENTRE,2025-11-01 00:00:00,4,7214,4026,198,3540,1763,558.1,4.92
C88648,CRYSTAL PEAKS MEDICAL CENTRE,2025-12-01 00:00:00,4,7214,4269,232,3746,1935,591.8,5.43
C88648,CRYSTAL PEAKS MEDICAL CENTRE,2026-01-01 00:00:00,4,7214,4151,178,3727,1899,575.4,4.29
C88648,CRYSTAL PEAKS MEDICAL CENTRE,2026-02-01 00:00:00,4,7214,3845,168,3364,1717,533.0,4.37
C88648,CRYSTAL PEAKS MEDICAL CENTRE,2026-04-01 00:00:00,4,7214,3802,173,3270,1625,527.0,4.55
C88648,CRYSTAL PEAKS MEDICAL CENTRE,2026-05-01 00:00:00,4,7214,3582,153,3083,1653,496.5,4.27
C88652,GREYSTONES MEDICAL CENTRE,2025-11-01 00:00:00,8,4205,2490,36,1035,1309,592.2,1.45
C88652,GREYSTONES MEDICAL CENTRE,2025-12-01 00:00:00,8,4205,2453,44,1055,1284,583.4,1.79
C88652,GREYSTONES MEDICAL CENTRE,2026-01-01 00:00:00,8,4205,2856,30,1160,1492,679.2,1.05
C88652,GREYSTONES MEDICAL CENTRE,2026-02-01 00:00:00,8,4205,2408,26,1055,1163,572.7,1.08
C88652,GREYSTONES MEDICAL CENTRE,2026-04-01 00:00:00,8,4205,2300,21,937,1134,547.0,0.91
C88652,GREYSTONES MEDICAL CENTRE,2026-05-01 00:00:00,8,4205,2457,34,859,1338,584.3,1.38
C88655,THE MEDICAL CENTRE DR OKORIE,2025-11-01 00:00:00,2,1133,985,24,806,464,869.4,2.44
C88655,THE MEDICAL CENTRE DR OKORIE,2025-12-01 00:00:00,2,1133,1032,11,824,553,910.9,1.07
C88655,THE MEDICAL CENTRE DR OKORIE,2026-01-01 00:00:00,2,1133,1122,48,877,573,990.3,4.28
C88655,THE MEDICAL CENTRE DR OKORIE,2026-02-01 00:00:00,2,1133,920,24,733,500,812.0,2.61
C88655,THE MEDICAL CENTRE DR OKORIE,2026-04-01 00:00:00,2,1133,922,18,723,448,813.8,1.95
C88655,THE MEDICAL CENTRE DR OKORIE,2026-05-01 00:00:00,2,1133,820,18,624,369,723.7,2.2
Y00411,DEARNE VALLEY GROUP PRACTICE,2025-11-01 00:00:00,1,11642,5365,244,4822,1678,460.8,4.55
Y00411,DEARNE VALLEY GROUP PRACTICE,2025-12-01 00:00:00,1,11642,5928,233,5466,2639,509.2,3.93
Y00411,DEARNE VALLEY GROUP PRACTICE,2026-01-01 00:00:00,1,11642,5978,249,5543,2179,513.5,4.17
Y00411,DEARNE VALLEY GROUP PRACTICE,2026-02-01 00:00:00,1,11642,4739,242,4284,1552,407.1,5.11
Y00411,DEARNE VALLEY GROUP PRACTICE,2026-04-01 00:00:00,1,11642,4755,290,4383,1329,408.4,6.1
Y00411,DEARNE VALLEY GROUP PRACTICE,2026-05-01 00:00:00,1,11642,4256,203,3879,1258,365.6,4.77
Y04809,LAKESIDE SURGERY,2025-11-01 00:00:00,2,2666,1720,84,1515,522,645.2,4.88
Y04809,LAKESIDE SURGERY,2025-12-01 00:00:00,2,2666,1841,86,1581,552,690.5,4.67
Y04809,LAKESIDE SURGERY,2026-01-01 00:00:00,2,2666,1857,95,1615,563,696.5,5.12
Y04809,LAKESIDE SURGERY,2026-02-01 00:00:00,2,2666,1853,80,1583,473,695.0,4.32
Y04809,LAKESIDE SURGERY,2026-04-01 00:00:00,2,2666,1904,81,1654,558,714.2,4.25
Y04809,LAKESIDE SURGERY,2026-05-01 00:00:00,2,2666,1626,77,1426,554,609.9,4.74
Y05167,THE FLYING SCOTSMAN HEALTH CENTRE,2025-11-01 00:00:00,1,12980,2719,233,2457,759,209.5,8.57
Y05167,THE FLYING SCOTSMAN HEALTH CENTRE,2025-12-01 00:00:00,1,12980,3258,299,2954,906,251.0,9.18
Y05167,THE FLYING SCOTSMAN HEALTH CENTRE,2026-01-01 00:00:00,1,12980,2946,281,2664,759,227.0,9.54
Y05167,THE FLYING SCOTSMAN HEALTH CENTRE,2026-02-01 00:00:00,1,12980,2369,213,2085,618,182.5,8.99
Y05167,THE FLYING SCOTSMAN HEALTH CENTRE,2026-04-01 00:00:00,1,12980,2589,203,2373,597,199.5,7.84
Y05167,THE FLYING SCOTSMAN HEALTH CENTRE,2026-05-01 00:00:00,1,12980,2167,167,1980,578,166.9,7.71
Y05248,BRIERLEY MEDICAL CENTRE,2025-11-01 00:00:00,1,3375,1655,61,1431,556,490.4,3.69
Y05248,BRIERLEY MEDICAL CENTRE,2025-12-01 00:00:00,1,3375,1817,48,1457,574,538.4,2.64
Y05248,BRIERLEY MEDICAL CENTRE,2026-01-01 00:00:00,1,3375,1938,61,1667,603,574.2,3.15
Y05248,BRIERLEY MEDICAL CENTRE,2026-02-01 00:00:00,1,3375,1893,68,1616,677,560.9,3.59
Y05248,BRIERLEY MEDICAL CENTRE,2026-04-01 00:00:00,1,3375,1755,69,1490,586,520.0,3.93
Y05248,BRIERLEY MEDICAL CENTRE,2026-05-01 00:00:00,1,3375,1750,47,1453,701,518.5,2.69
Y05349,CLOVER CITY PRACTICE,2025-11-01 00:00:00,4,5808,2211,242,995,1130,380.7,10.95
Y05349,CLOVER CITY PRACTICE,2025-12-01 00:00:00,4,5808,2224,277,955,1165,382.9,12.46
Y05349,CLOVER CITY PRACTICE,2026-01-01 00:00:00,4,5808,2214,226,1012,1138,381.2,10.21
Y05349,CLOVER CITY PRACTICE,2026-02-01 00:00:00,4,5808,2064,190,931,1113,355.4,9.21
Y05349,CLOVER CITY PRACTICE,2026-04-01 00:00:00,4,5808,1885,162,854,986,324.6,8.59
Y05349,CLOVER CITY PRACTICE,2026-05-01 00:00:00,4,5808,1770,157,820,870,304.8,8.87
Y05363,BHF HIGHGATE SURGERY,2025-11-01 00:00:00,1,3242,1626,60,1344,599,501.5,3.69
Y05363,BHF HIGHGATE SURGERY,2025-12-01 00:00:00,1,3242,1914,90,1654,698,590.4,4.7
Y05363,BHF HIGHGATE SURGERY,2026-01-01 00:00:00,1,3242,1825,50,1531,651,562.9,2.74
Y05363,BHF HIGHGATE SURGERY,2026-02-01 00:00:00,1,3242,1831,81,1466,629,564.8,4.42
Y05363,BHF HIGHGATE SURGERY,2026-04-01 00:00:00,1,3242,1675,66,1317,592,516.7,3.94
Y05363,BHF HIGHGATE SURGERY,2026-05-01 00:00:00,1,3242,1521,60,1293,539,469.2,3.94
Y05364,BHF LUNDWOOD SURGERY,2025-11-01 00:00:00,3,3714,2478,177,1983,862,667.2,7.14
Y05364,BHF LUNDWOOD SURGERY,2025-12-01 00:00:00,3,3714,2764,167,2131,968,744.2,6.04
Y05364,BHF LUNDWOOD SURGERY,2026-01-01 00:00:00,3,3714,2775,135,2163,1055,747.2,4.86
Y05364,BHF LUNDWOOD SURGERY,2026-02-01 00:00:00,3,3714,2672,149,2097,1084,719.4,5.58
Y05364,BHF LUNDWOOD SURGERY,2026-04-01 00:00:00,3,3714,2692,109,2056,1305,724.8,4.05
Y05364,BHF LUNDWOOD SURGERY,2026-05-01 00:00:00,3,3714,2303,141,1842,1005,620.1,6.12
